Type,Post_id,Title,Author,Timestamp,Text,Score,Total_comments,Post_URL
Post,1dkc1ey,Best bet for Puffins?,Subject_Personality9,1718891187.0,My wife and I will be traveling to Iceland arriving Aug 29 and departing Sep 3. Trying to organize a trip around most desired things and seeing puffins is at the top of her list (she's a veterinarian and bird lover).  Can anyone 1) help me set our expectations to how much we'd be able to see them on those dates 2) suggest the best place/way‚Äã to see them (both in terms of probability and proximity)? ,11,16,https://www.reddit.com/r/VisitingIceland/comments/1dkc1ey/best_bet_for_puffins/
Comment,1dkc1ey,Best bet for Puffins?,letmebebrave430,2024-06-20 18:29:12,"Everyone is saying Borgarfj√∂r√∞ur Eystri, and I agree, but SET YOUR EXPECTATIONS!! (Which I realize you are asking for.) Many of the low star reviews on Google are from people who traveled mid-late August or early September and missed them. It is not guaranteed to see them at that location at the time of year you are traveling, which is really unfortunate.  Even their website states they are only there until mid August. Several reviews state only seeing one or two around August 15th/August 17th. If you do go, morning and evening is best. 

If you have the time I'd swing by because it is the closest you would probably be able to get to them but just realize they might be gone. Hopefully they stay longer this year but I can't make any predictions. Maybe keep and eye on the reviews of each location you're planning on going and sort by newest and see if people mention seeing them!",9,0,
Comment,1dkc1ey,Best bet for Puffins?,Adamantium-Aardvark,2024-06-20 17:51:12,"We just went to Borgarfjar√∞arh√∂fn yesterday and saw THOUSANDS of them very up close. They‚Äôre all nesting on this rock, and there‚Äôs a staircase and observation platform going up the rock. You can get within a couple feet of them. They are not afraid or shy. It was amazing. It‚Äôs a 1 hour drive from Egilssta√∞ir in the Eastern part of the country. It‚Äôs free to go. There‚Äôs no tours or even any parking fee. Just show up and observe thousands of puffins for as long as you want.

Bring a warm hat and warm gloves it was quite cold.

https://preview.redd.it/xlwbyrunlr7d1.jpeg?width=4032&format=pjpg&auto=webp&s=f0112dd6d5b9b8e9fa616d96eb494974ef1dc278",14,0,
Comment,1dkc1ey,Best bet for Puffins?,Sometraveler85,2024-06-20 13:57:21,"If you can spare the time. HIGHLY reccomend Borgarfj√∂r√∞ur eystri.  It's like a dream come true.  Easily accessible,  SUPER close.  You could reach out and snatched them (but don't)  and very dependable.

We raced there straight from the airport driving 12 hours arriving at 10pm. I was so worried we would miss them because it was getting later in July. I DIED and went to heaven. It was insane.",10,0,
Comment,1dkc1ey,Best bet for Puffins?,stevenarwhals,2024-06-20 17:51:56,"Borgarfjordur Eystri (aka Bakkagerdi) is the best place to reliably see lots of the but but be aware it's all the way out at the end of the Eastfjords. You would have to dedicate your whole trip to doing the south coast and back to see them there with the number of days you have. That's a fine way to do a trip, especially if puffins are your top priority, but just wanted to make sure you're aware. It's not like it's a day trip or even really a 2-day trip from Reykjavik or anything. The next best spot is probably Latrabjarg in the Westfjords, which is similarly remote. Easier but less reliable places to see them include Dyrholaey and Vestmannaeyjar. There are also boat tours from Reykjavik that go out to some of the little skerries where the puffins hang out. By the end of August, however, it's really up to luck how many are still around in any given place. Some years they hang out longer than others; all depends on the weather, local food supply, etc.",3,0,
Comment,1dkc1ey,Best bet for Puffins?,NoLemon5426,2024-06-20 13:51:54,"There will still be puffins in Heimaey. Depending on how the season goes, it might be possible for you to help catch baby puffins (pufflings), babysit them overnight, and then launch them off of cliffs in the morning. Does this sound fun?

Again, timing on this varies but this is about the time of year where puffin rescue begins. 

[Some more info.](https://visitwestmanislands.com/baby-puffins-westman-islands)

(note: Do not use the link in the article to book a ferry ticket. [Book it here.](https://herjolfur.is/) )",5,0,
Comment,1dkc1ey,Best bet for Puffins?,Scaredtojumpin,2024-06-20 18:27:26,"They will be gone on the mainland by then, your best bet is to hope they will still be ok Heimaey",1,0,
Comment,1dkc1ey,Best bet for Puffins?,BionicGreek,2024-06-20 18:37:04,"The places everyone are mentioning are certainly prime spots for puffins. HOWEVER most puffins reliably leave the mainland late August. You can try Westman Islands as it will likely be puffling season. It‚Äôs a crazy tradition where children round up all the puffling that are lost, confided by the lights. This usually is a nightly occurrence late August in to September.",1,0,
Comment,1dkc1ey,Best bet for Puffins?,MattTalksPhotography,2024-06-21 11:31:26,"I hope you see them but I feel you‚Äôre setting yourself up for disappointment with the time of year, and if you go into it not expecting to see them you‚Äôll be better off. For a puffins priority 1 trip it is too late. You will probably at least see some whooper swans which don‚Äôt have quite the same charisma but that is more their time of year.",1,0,
Comment,1dkc1ey,Best bet for Puffins?,bagheera457,2024-06-20 23:46:19,"Oh nooo, I'll be getting there on the 12th and my wife would LOVE some puffins, will make it a priority then to go asap. Thanks for the tip :)",1,0,
Comment,1dkc1ey,Best bet for Puffins?,YVR19,2024-06-20 20:08:12,Same! What a treat!,2,0,
Comment,1dkc1ey,Best bet for Puffins?,bojacker,2024-06-21 02:09:40,Same. I went there a couple of days ago. It was phenomenal! I‚Äôd highly recommend this place.¬†,1,0,
Comment,1dkc1ey,Best bet for Puffins?,Adamantium-Aardvark,2024-06-20 17:53:56,You can also grab a flight from Keflav√≠k to Egilssta√∞ir and then it‚Äôs just a one hour drive from there.,2,0,
Comment,1dkc1ey,Best bet for Puffins?,letmebebrave430,2024-06-20 18:32:04,"Borgarfj√∂r√∞ur Eystri was my favorite place we visited I think! I LOVED it. Sadly OP might be traveling too late in season to see them there, the website states they normally leave by mid-August and reviews support that :(",2,0,
Comment,1dkc1ey,Best bet for Puffins?,Subject_Personality9,2024-06-20 14:00:21,"sounds is incredible, she'd love that, thanks for the tip!",1,0,
Comment,1dkc1ey,Best bet for Puffins?,letmebebrave430,2024-06-21 00:02:14,"Ooo I hope you can see them! They were honestly the highlight of my trip. You might also check some other puffin-spotting areas and do some research to see if they stay longer. I'm totally guessing here (no fact behind this) but they're quite social birds so maybe the colonies tend to fly off to sea around the same time? And maybe it's possible some colonies around the country fly off later than others?

Good luck though! Borgarfj√∂r√∞ur Eystri is a great place to see them though...if they're there

https://preview.redd.it/ao0vmp1sft7d1.jpeg?width=6000&format=pjpg&auto=webp&s=05f744b83992ccf322021ce0913d60350506ace3",1,0,
Comment,1dkc1ey,Best bet for Puffins?,dougolupski,2024-06-20 17:13:49,I cant speak to if you will be able to see them there because like /u/NoLemon5426 it all varies on the season and storms. But I can say after my recent trip to Heimaey it will still be worth it regardless.,2,0,
Post,1cbalok,Some puffin pics from my trip,Costa22,1713893590.0,Extra artic fox pic at the end :D,451,35,https://www.reddit.com/gallery/1cbalok
Comment,1cbalok,Some puffin pics from my trip,MrPuffin,2024-04-23 18:55:58,"Please don't judge me too harshly on that second photo for sporting a bit of extra weight. I had just left my grandmother's house...

Also nice pics OP ;)",20,0,
Comment,1cbalok,Some puffin pics from my trip,orcadesign,2024-04-23 17:46:48,"These looks amazing! Did you go with a tour? Also, which camera do you use? I heard you can't get really close with puffins.",12,0,
Comment,1cbalok,Some puffin pics from my trip,Existing_Mail,2024-04-23 18:35:17,"I always think of these two animals as cute, but these photos make me realize they are in fact magnificent¬†",7,0,
Comment,1cbalok,Some puffin pics from my trip,Unknown,2024-04-23 17:41:14,[deleted],7,0,
Comment,1cbalok,Some puffin pics from my trip,kat_zub,2024-04-23 17:53:47,Did you hear the funny noise they make?,3,0,
Comment,1cbalok,Some puffin pics from my trip,Shibas1234,2024-04-23 19:25:06,Delightful!! Thank you for sharing these!!,3,0,
Comment,1cbalok,Some puffin pics from my trip,bknight2,2024-04-23 17:58:12,Omg the fox,2,0,
Comment,1cbalok,Some puffin pics from my trip,swagtips,2024-04-23 22:30:36,Those are some brilliant pictures.... Puffin awesome,2,0,
Comment,1cbalok,Some puffin pics from my trip,chachachapman7,2024-04-23 18:59:04,Where did you see them?,1,0,
Comment,1cbalok,Some puffin pics from my trip,sakuratanoshiii,2024-04-23 21:46:36,Wow!  Fantastic puffins and fox - how magical!,1,0,
Comment,1cbalok,Some puffin pics from my trip,Ritag2000,2024-04-23 21:55:22,I love pic #6,1,0,
Comment,1cbalok,Some puffin pics from my trip,Mostlymadeofpuppies,2024-04-23 22:44:25,Awe I‚Äôm so jealous! We went in March so no cute little puffin friends. But I did see 1 fox off in the distance. Foxes are entirely too adorable. Love your photos!,1,0,
Comment,1cbalok,Some puffin pics from my trip,Charming_Corgi21,2024-04-23 22:57:43,"We signed up for one of those boat tours right out of downtown Reykjav√≠k but unfortunately didn't get to see the puffins. The waves were too rough and we were leaving the next morning. 

So cool you got to see them!",1,0,
Comment,1cbalok,Some puffin pics from my trip,Munro_McLaren,2024-04-23 23:09:52,"You also saw the only native mammal in Iceland.

Also, where did you see the puffins?",1,0,
Comment,1cbalok,Some puffin pics from my trip,SaratogaSwitch,2024-04-23 23:17:49,Beautiful images. Thanks for sharing.,1,0,
Comment,1cbalok,Some puffin pics from my trip,windchill94,2024-04-24 00:10:33,"You were lucky, I have not seen one in nearly 2 weeks.",1,0,
Comment,1cbalok,Some puffin pics from my trip,readytojet,2024-04-24 01:31:07,Saw an arctic fox run across the road while driving in the snaefellsness peninsula two weeks ago.,1,0,
Comment,1cbalok,Some puffin pics from my trip,AcceptableAloe,2024-04-24 09:40:32,Beautiful! When did you go?¬†,1,0,
Comment,1cbalok,Some puffin pics from my trip,Educational_Plant_44,2024-04-24 10:35:18,Where on Dyrholaey did you see them? And what time?,1,0,
Comment,1cbalok,Some puffin pics from my trip,lakkanen,2024-04-23 19:51:55,We also had couple of puffins in finland. Police shot another of them,0,0,
Comment,1cbalok,Some puffin pics from my trip,Costa22,2024-04-23 19:04:34,"We saw the puffins at the Dyrh√≥laey light house. At the lower section not near the light house. We were able to get super close to them! 

The fox was at the Katla ice cave. The tour guide had been feeding him for the last 3 days. They were all surprised he was there. I was able to get some good ones of him!",17,0,
Comment,1cbalok,Some puffin pics from my trip,Costa22,2024-04-23 19:19:23,"Sorry, forgot to say what I used. I used a Olympic OM-D10 ii with a 75-300mm lens",4,0,
Comment,1cbalok,Some puffin pics from my trip,Costa22,2024-04-23 19:06:50,This was yesterday! We went to the Katla ice caves for a tour and he was at the parking lot. Got some good pics of him and ravens,5,0,
Comment,1cbalok,Some puffin pics from my trip,Costa22,2024-04-23 19:04:48,I was not prepared for there nosies,8,0,
Comment,1cbalok,Some puffin pics from my trip,Costa22,2024-04-23 19:07:19,"Dyrh√≥laey light house for puffins!

We saw the fox at the Katla ice cave",3,0,
Comment,1cbalok,Some puffin pics from my trip,Stormyinmyteacup,2024-04-23 19:59:39,Ewww not a fan of the guide feeding the fox. Very irresponsible,13,0,
Comment,1cbalok,Some puffin pics from my trip,Duckaroo99,2024-04-23 19:53:34,Is is correct you can visit Dyrholaey for free? I‚Äôm a bird lover and would love to just see them once,2,0,
Comment,1cbalok,Some puffin pics from my trip,kaydeex9,2024-04-23 21:54:40,Curious - what are your thoughts on the Kayla ice cave? I‚Äôm looking at a few tours but they are all $200 and up so debating whether it‚Äôs worth it. Which tour group did you go with?,1,0,
Comment,1cbalok,Some puffin pics from my trip,Educational_Plant_44,2024-04-23 23:57:29,Yay!! I‚Äôm going there tomorrow :),1,0,
Comment,1cbalok,Some puffin pics from my trip,userjjb,2024-04-23 22:02:32,I assume autocorrect mangled that and you meant an Olympus OM-D E-M10 Mark ii,2,0,
Comment,1cbalok,Some puffin pics from my trip,TreesLikeGodsFingers,2024-04-24 03:45:40,thanks for this bit of info. im planning on going with a 150-500mm and was curious about if its enough to get those shots.,2,0,
Comment,1cbalok,Some puffin pics from my trip,chachachapman7,2024-04-23 20:07:16,What time of day did you see them? We are planning on being around there tomorrow and don‚Äôt want to miss them!,1,0,
Comment,1cbalok,Some puffin pics from my trip,Costa22,2024-04-23 20:50:40,Yes it‚Äôs free. The spot behind the bathrooms to the left was were we saw them,4,0,
Comment,1cbalok,Some puffin pics from my trip,Costa22,2024-04-23 20:51:54,We saw them around 7-8 pm. They are out in the water and then around 7-8 start to flock to the cliffs. If you go to the same spot as us go to the left of the washrooms and hang out by the cliff,4,0,
Comment,1cbalok,Some puffin pics from my trip,Duckaroo99,2024-04-23 20:56:42,Thank you! How exciting,1,0,
Comment,1cbalok,Some puffin pics from my trip,chachachapman7,2024-04-24 19:41:52,Went today around 8am and didn‚Äôt see any :( such as it is with nature,1,0,
Post,1eejbwi,Puffins at Latrabjargüêßüíô,mb_1983,1722205017.0,,289,26,https://www.reddit.com/gallery/1eejbwi
Comment,1eejbwi,Puffins at Latrabjargüêßüíô,Physicist_Gamer,2024-07-28 22:28:19,Gorgeous photos. That second shot in particular is great.,8,0,
Comment,1eejbwi,Puffins at Latrabjargüêßüíô,luv2ctheworld,2024-07-28 23:42:46,"Deets... please.

Just what were you shooting with to get such detail.",5,0,
Comment,1eejbwi,Puffins at Latrabjargüêßüíô,hot_and_chill,2024-07-29 02:07:49,Beauty!!!,2,0,
Comment,1eejbwi,Puffins at Latrabjargüêßüíô,TravelAround360,2024-07-29 06:40:31,Nice close shot,2,0,
Comment,1eejbwi,Puffins at Latrabjargüêßüíô,cath_83,2024-07-29 08:29:43,"These photos are amazing! I love all of them, but the first one is something else!",2,0,
Comment,1eejbwi,Puffins at Latrabjargüêßüíô,Yeleath,2024-07-29 08:47:06,"Great photo‚Äôs!
What gear do you use?",2,0,
Comment,1eejbwi,Puffins at Latrabjargüêßüíô,razrus,2024-07-29 14:57:09,I'm going to westfjords in 3 weeks. Hopefully see some puffins.,2,0,
Comment,1eejbwi,Puffins at Latrabjargüêßüíô,Pink_dolphins,2024-07-29 16:52:17,Amazing photos!,2,0,
Comment,1eejbwi,Puffins at Latrabjargüêßüíô,BooBoo_Cat,2024-07-30 03:24:09,Amazing photos!,2,0,
Comment,1eejbwi,Puffins at Latrabjargüêßüíô,markkie95,2024-07-30 11:03:05,Wow this are amazing shots üòç,2,0,
Comment,1eejbwi,Puffins at Latrabjargüêßüíô,Hijack18,2024-07-28 22:59:33,Caught in 4k,1,0,
Comment,1eejbwi,Puffins at Latrabjargüêßüíô,totodomination,2024-07-29 00:20:15,"Agreed, that second photo is so beautiful",2,0,
Comment,1eejbwi,Puffins at Latrabjargüêßüíô,mb_1983,2024-07-29 09:43:42,Of course - Nikon Z8 / 70-200 f/2.8 at quite close range,4,0,
Comment,1eejbwi,Puffins at Latrabjargüêßüíô,bromden,2024-07-29 08:56:32,"Im also curious. What camera & lens, in particular for the 2nd photo? üôè",2,0,
Comment,1eejbwi,Puffins at Latrabjargüêßüíô,mb_1983,2024-07-29 09:45:15,Nikon Z8 / 70-200 f2.8 + very friendly birds with short/no fight or flight zone did the trick!,2,0,
Comment,1eejbwi,Puffins at Latrabjargüêßüíô,mb_1983,2024-07-29 21:40:49,Certainly hope you do - they‚Äôre lovely birds!,1,0,
Comment,1eejbwi,Puffins at Latrabjargüêßüíô,mb_1983,2024-07-30 12:15:34,üôèüèª,1,0,
Comment,1eejbwi,Puffins at Latrabjargüêßüíô,mb_1983,2024-07-30 12:15:11,üôèüèª,2,0,
Comment,1eejbwi,Puffins at Latrabjargüêßüíô,Tuner25,2024-07-30 18:58:55,How did you focus for the landing bird? Manual focus?,2,0,
Comment,1eejbwi,Puffins at Latrabjargüêßüíô,mb_1983,2024-07-29 11:15:58,Nikon Z8 and 70-200 f2.8 - that puffin pretty much landed right in front of me,1,0,
Comment,1eejbwi,Puffins at Latrabjargüêßüíô,Yeleath,2024-07-29 10:01:09,Thanks! You had to get pretty close to them with ‚Äúonly‚Äù 200mm. Great work!,2,0,
Comment,1eejbwi,Puffins at Latrabjargüêßüíô,mb_1983,2024-07-30 19:29:04,Continuous autofocus. The Z8 with this lens is really quick to acquire focus and is very sticky - probably had 20+ in focus shots of the landing,1,0,
Comment,1eejbwi,Puffins at Latrabjargüêßüíô,mb_1983,2024-07-29 11:14:03,üôèüèª,1,0,
Comment,1eejbwi,Puffins at Latrabjargüêßüíô,Tuner25,2024-07-30 19:41:34,"Wow thats impressive! Well my a7r3 is already a bit older, so last time I've tried similar shots and almost none were in perfect focus!",2,0,
Comment,1eejbwi,Puffins at Latrabjargüêßüíô,mb_1983,2024-07-30 22:25:34,Believe camera tech has improved quite a bit in that department in recent years - reckon my Z6ii would be from around the same generation of cameras as the a7r3 and it would most certainly have been much harder to nail this type of shot with it,1,0,
Post,1c0vupt,Puffins arrived today in Borgafj√∂r√∞ur Eystri,icestep,1712781325.0,"We didn‚Äôt really expect to see any, but they have arrived in droves!",483,22,https://www.reddit.com/gallery/1c0vupt
Comment,1c0vupt,Puffins arrived today in Borgafj√∂r√∞ur Eystri,NoLemon5426,2024-04-10 20:43:49,Holy cow that‚Äôs a lot of them,10,0,
Comment,1c0vupt,Puffins arrived today in Borgafj√∂r√∞ur Eystri,Gator__Sandman,2024-04-10 21:20:33,Yes!! I went on a rib boat this morning out of old harbor and saw a few hundred spread out.,3,0,
Comment,1c0vupt,Puffins arrived today in Borgafj√∂r√∞ur Eystri,travelzendo,2024-04-11 00:49:48,My favorite!  2 more months and I get to see them!!,3,0,
Comment,1c0vupt,Puffins arrived today in Borgafj√∂r√∞ur Eystri,Beautiful-Math-1614,2024-04-10 21:15:52,This is exciting! I need to stop and see them!,2,0,
Comment,1c0vupt,Puffins arrived today in Borgafj√∂r√∞ur Eystri,Munro_McLaren,2024-04-11 03:00:43,Puffins! I want to see them! Planning to go back in August 2026 for the eclipse! Puffin season will still be happening.,2,0,
Comment,1c0vupt,Puffins arrived today in Borgafj√∂r√∞ur Eystri,Bright-Dependent-670,2024-04-15 17:53:39,They are the cutest in person!!!,2,0,
Comment,1c0vupt,Puffins arrived today in Borgafj√∂r√∞ur Eystri,sakuratanoshiii,2024-04-10 21:08:35,They're Amazing!!!,1,0,
Comment,1c0vupt,Puffins arrived today in Borgafj√∂r√∞ur Eystri,droideka222,2024-04-11 15:52:59,How many more weeks?,1,0,
Comment,1c0vupt,Puffins arrived today in Borgafj√∂r√∞ur Eystri,hot_and_chill,2024-04-11 19:26:02,Wow!!!,1,0,
Comment,1c0vupt,Puffins arrived today in Borgafj√∂r√∞ur Eystri,hot_and_chill,2024-04-11 19:26:27,So they are seen around April?,1,0,
Comment,1c0vupt,Puffins arrived today in Borgafj√∂r√∞ur Eystri,Fragmented79,2024-04-11 23:54:45,I want to boop all their snoots! ü•∞,1,0,
Comment,1c0vupt,Puffins arrived today in Borgafj√∂r√∞ur Eystri,Mirokusama37,2024-04-12 12:56:14,And my plan was to drive all the way to L√°trabjarg to see them :P,1,0,
Comment,1c0vupt,Puffins arrived today in Borgafj√∂r√∞ur Eystri,Own_Violinist6934,2024-04-12 14:34:24,I‚Äôm currently at the actual look out spot but haven‚Äôt seen anything. What time did you take this picture? I will send a pic with foot prints that I see on the snow as well,1,0,
Comment,1c0vupt,Puffins arrived today in Borgafj√∂r√∞ur Eystri,-db-,2024-04-16 16:58:49,When today and nothing üò≠,1,0,
Comment,1c0vupt,Puffins arrived today in Borgafj√∂r√∞ur Eystri,andreevbg,2024-04-11 07:38:34,Same! I moved my second trip to Iceland from late April to early June and cant be more excited to see the puffins!!,2,0,
Comment,1c0vupt,Puffins arrived today in Borgafj√∂r√∞ur Eystri,Luna_Drusilla,2024-04-11 21:48:23,Me too!,1,0,
Comment,1c0vupt,Puffins arrived today in Borgafj√∂r√∞ur Eystri,icestep,2024-04-10 21:23:20,"If you‚Äôre planning to go in the next few days, the current judgment of the road administration for [Vatnsskar√∞](https://umferdin.is/en/road/911160028)  being ‚Äúeasily passable‚Äù is rather .. optimistic. We had some sizable snow drifts already and the forecast doesn‚Äôt look great especially for tomorrow.",7,0,
Comment,1c0vupt,Puffins arrived today in Borgafj√∂r√∞ur Eystri,icestep,2024-04-11 20:07:40,"Every year and area is different, I have also heard they are also approaching other places but may still be out at sea there (they tend to be in the water for a while before they come to shore).",1,0,
Comment,1c0vupt,Puffins arrived today in Borgafj√∂r√∞ur Eystri,Gator__Sandman,2024-04-12 05:35:36,"That‚Äôs what our guides have said, the early birds get here in April while the main flocks come later in May",1,0,
Comment,1c0vupt,Puffins arrived today in Borgafj√∂r√∞ur Eystri,icestep,2024-04-12 15:23:40,Pics were taken the day before yesterday at about 8pm.,2,0,
Comment,1c0vupt,Puffins arrived today in Borgafj√∂r√∞ur Eystri,icestep,2024-04-16 17:08:02,Oh no üò• maybe they moved out to sea again because of the bad weather that went through over the past weekend üòû,1,0,
Comment,1c0vupt,Puffins arrived today in Borgafj√∂r√∞ur Eystri,Beautiful-Math-1614,2024-04-10 21:59:10,Thanks for the heads up!,1,0,
Post,1erg6f9,Any puffins left?,bagheera457,1723575748.0,"Hi! We are in Iceland right now, I know that it is pretty much the end of the season, but I just wanted to check if anyone had any luck seeing puffins anywhere in the last few days...

I have checked the webcam on Borgarfj√∂r√∞ur eystri and it seems empty right now, but maybe there are some times when they are easier to see?

We were thinking about taking the ferry to Heimaey tomorrow, but if there are fou sure not going to be any puffins there we might change our plans and check out something else, there is no lack of things to see ;)

Thanks!

UPDATE: PUFFFINSSS!!! Thanks a lot for the answers, we decided to go to Dyrh√≥laey: rainy, cold and windy AF, but loads of puffins as of August 14th, 11-12am. ",25,50,https://www.reddit.com/r/VisitingIceland/comments/1erg6f9/any_puffins_left/
Comment,1erg6f9,Any puffins left?,gatok045,2024-08-13 19:10:24,i saw hundreds on the westman islands a few hours ago. worth taking a ferry out there.,27,0,
Comment,1erg6f9,Any puffins left?,pastelpalettegroove,2024-08-13 19:25:54,They're all over the place mostly near beaches/cliffs. The easiest would be to go to Reynisfiera and surrounding Dyrholany cliffs since those are popular sights anyway.,13,0,
Comment,1erg6f9,Any puffins left?,PonoAdventures,2024-08-13 19:13:50,I was in Borgarfjorour about 6 days ago and there were a bunch around 1100am,6,0,
Comment,1erg6f9,Any puffins left?,moomeecee,2024-08-13 19:33:13,"Make your way to this colony on Heimaey: [https://icelandthebeautiful.com/storhofdi-vestmannaeyjar-heimaey-iceland/](https://icelandthebeautiful.com/storhofdi-vestmannaeyjar-heimaey-iceland/)

We saw so many puffins there on 9 Aug, and our tour guide said they typically leave mainland Iceland in mid-August, but will be at that spot on Heimaey for another month.",7,0,
Comment,1erg6f9,Any puffins left?,1manwoofpack,2024-08-13 19:22:44,Saw so damn many at reynisfjara last week,5,0,
Comment,1erg6f9,Any puffins left?,pritikothari,2024-08-13 20:09:57,"I'll be in Iceland next week and I'm probably going to post the same early next week for a revised Puffin report, really hoping I don't miss them. Going to both Heimaey and Dyrh√≥laey to see them but cutting it close with their estimated departure window. Sending good vibes to you that you can see them!",4,0,
Comment,1erg6f9,Any puffins left?,Green_Ad_276,2024-08-13 22:35:58,"https://preview.redd.it/8vpyzh3kdiid1.jpeg?width=3024&format=pjpg&auto=webp&s=71b7b81ee57920239029d649e79f9d25f4ac53d3

We saw them at Dyrholaey on the south coast a few minutes from Vik on 7/29.  There were tons of them.",3,0,
Comment,1erg6f9,Any puffins left?,wallywest25,2024-08-14 02:53:06,"I was in Iceland at the end of August last year and there were tons of puffins at Dyrholaey

https://preview.redd.it/ykcho0efnjid1.jpeg?width=3024&format=pjpg&auto=webp&s=457173f8c7d640ab4ab477372fc670d42d5439f0",3,0,
Comment,1erg6f9,Any puffins left?,amargret36,2024-08-13 21:02:36,As a Icelander going out there you have about 85-90% chance of seeing puffins out there,3,0,
Comment,1erg6f9,Any puffins left?,alanviverette,2024-08-13 22:26:19,There were still plenty of puffins at Vik today. We took a ~45min lookout point hike from the lot north of the Vik information center and were able to see them from above and below.,3,0,
Comment,1erg6f9,Any puffins left?,Sianallama,2024-08-13 23:16:15,"I saw a tonne last Tues and Thursday, so I'd say so! The lighthouse by the black sand beach was by far the best spot we found to see them!!!",3,0,
Comment,1erg6f9,Any puffins left?,atlasisgold,2024-08-13 23:25:51,When is puffin season?,3,0,
Comment,1erg6f9,Any puffins left?,bagheera457,2024-08-14 12:01:27,"https://preview.redd.it/jw8h9ftbdmid1.jpeg?width=2304&format=pjpg&auto=webp&s=2820a04aa91bb11a3eb35ba49ad54df1e4778b1a

Puffins today, August 14th, 11-12am",3,0,
Comment,1erg6f9,Any puffins left?,dcruz_mario,2024-08-13 21:18:17,Saw hundreds of them last week,2,0,
Comment,1erg6f9,Any puffins left?,saltgirl61,2024-08-13 22:21:27,Morning and evening are best as mid-day they're more likely to be at sea.,2,0,
Comment,1erg6f9,Any puffins left?,Remarkable_Basil_859,2024-08-14 04:56:04,"Stunning there, with  or without the birds!",2,0,
Comment,1erg6f9,Any puffins left?,Ok-Promise6558,2024-08-14 09:19:27,Last week at Dyrh√≥laey lighthouse was thousands of them,2,0,
Comment,1erg6f9,Any puffins left?,Glad_Face_1407,2024-08-14 10:38:32,"Dyrholaey 2 days ago, so many!",2,0,
Comment,1erg6f9,Any puffins left?,Miserable-Shallot-19,2024-08-14 20:08:04,"omg yes we just saw sooo many literally today at Dyrholaey and Reynisfjara, it was beautiful :)",2,0,
Comment,1erg6f9,Any puffins left?,InelegantSnort,2024-08-13 21:56:02,They left Borgarfj√∂r√∞ur according to the tour guide that took a busload of tourists there today. I don't know about any other sides though.,1,0,
Comment,1erg6f9,Any puffins left?,Away-Catch-9159,2024-08-13 22:12:20,Hafnarh√≥lmi    Loads of puffins,1,0,
Comment,1erg6f9,Any puffins left?,Turbulent-Yam-9806,2024-08-14 00:23:02,"If you‚Äôre willing to drive to the east coast, borgarfjorour eystri is the best place",1,0,
Comment,1erg6f9,Any puffins left?,Fun-Cauliflower-1724,2024-08-14 00:52:27,Drangey Island in the North has a ton of puffins as of a couple of days ago. But the guide on our tour told us they‚Äôre about to start leaving,1,0,
Comment,1erg6f9,Any puffins left?,pmocek,2024-08-14 13:49:03,I saw multiple pairs and triplets of puffins in the water from a roadside cliff viewpoint on highway 85 between K√≥pasker and H√∫sav√≠k (northern Iceland) a few minutes ago.,1,0,
Comment,1erg6f9,Any puffins left?,Open_Ad_4741,2024-08-14 15:30:49,"I plan to go to Westman Icelands, and also Borgarfjorour - so if i dont see them at one I'll see them at the other. 

  
I think Westman is very famous for the puffins.",1,0,
Comment,1erg6f9,Any puffins left?,thotbish,2024-08-14 19:55:29,"I got an email yesterday from North Sailing in Husavik that said that their migration started early this year. I go out there in a couple of days, so I'm hoping some of the walk-up cliffs might still have some.",1,0,
Comment,1erg6f9,Any puffins left?,TechnologyAble3538,2024-08-14 20:54:26,Its not quite end of season yet. Saw them Sep 1 at Reynisfjara last year,1,0,
Comment,1erg6f9,Any puffins left?,Hottub2024,2024-08-14 23:06:28,"https://preview.redd.it/sr2hfwmznpid1.jpeg?width=3024&format=pjpg&auto=webp&s=9d6f158ffed6619413bc57c4be777570013cc9e0

Aug. 13!",1,0,
Comment,1erg6f9,Any puffins left?,Dragon_king_264,2024-08-25 21:45:37,Any puffins left anywhere ? I was at the light house today around 7pm only saw 1 very far away.,1,0,
Comment,1erg6f9,Any puffins left?,JLSMC,2024-08-13 19:27:26,You can always see some at √ûr√≠r frakkar,0,0,
Comment,1erg6f9,Any puffins left?,nemesis1637,2024-08-13 19:36:18,"Agree. I was here two days ago. Tons of them:  
[Exact location](https://www.google.com/maps/place/63%C2%B024'15.0%22N+19%C2%B006'12.2%22W/@63.4041599,-19.1082529,426m/data=!3m2!1e3!4b1!4m13!1m8!3m7!1s0x48d74a424936b0d1:0xbe83531b006d778d!2sVik!3b1!8m2!3d63.4176505!4d-18.9974396!16zL20vMDMzYnFr!3m3!8m2!3d63.40416!4d-19.103382?entry=ttu)",9,0,
Comment,1erg6f9,Any puffins left?,Econonomnomist,2024-08-13 19:29:31,We saw some at Dyrh√≥laey last week!,5,0,
Comment,1erg6f9,Any puffins left?,jessieeee,2024-08-13 23:19:15,Saw a ton there yesterday around 6 pm,2,0,
Comment,1erg6f9,Any puffins left?,foxed-and-dogeared,2024-08-14 01:08:26,We went to Dyrholaey Aug. 9 and 11 and saw so many of them there.,2,0,
Comment,1erg6f9,Any puffins left?,Bluebandit42,2024-08-15 20:50:11,Totally just saw hundreds there!  So amazing,1,0,
Comment,1erg6f9,Any puffins left?,MazieM00,2024-08-22 16:30:28,Tons today at 4:30pm!,1,0,
Comment,1erg6f9,Any puffins left?,misterygus,2024-08-13 20:42:33,"I was there today at 11 and there were almost none, and they weren‚Äôt coming ashore.",5,0,
Comment,1erg6f9,Any puffins left?,SourKiwi2020,2024-08-13 21:37:28,"I was here two days ago, and only saw 3 :(",4,0,
Comment,1erg6f9,Any puffins left?,Mean__MrMustard,2024-08-14 01:00:34,We may have been in the same group. Was also there with my group on August 9 and honestly seeing that many puffins was one of my absolute highlights of the whole trip.,3,0,
Comment,1erg6f9,Any puffins left?,dalifang,2024-08-13 23:30:23,We were there 8/11 and there were hundreds!,1,0,
Comment,1erg6f9,Any puffins left?,SharonAlyse,2024-08-14 00:24:21,Same!,1,0,
Comment,1erg6f9,Any puffins left?,andrea-x,2024-08-23 18:50:31,"Hi! Have you now been to those two places? I'll be heading to Heimaey tomorrow and Dyrholaey in two days and it looks like they left, but it'd hard to find recent information :(",1,0,
Comment,1erg6f9,Any puffins left?,taintmeatspaghetti,2024-08-14 02:19:31,I saw them at the same place on 7/28 lol,2,0,
Comment,1erg6f9,Any puffins left?,Hottub2024,2024-08-14 23:03:19,yep! we saw them there on Tuesday!!,1,0,
Comment,1erg6f9,Any puffins left?,pritikothari,2024-08-14 15:41:56,Beyond thrilled for you! So exciting!,1,0,
Comment,1erg6f9,Any puffins left?,misterygus,2024-08-13 20:44:15,Argh! I was there three days ago and went to the top where there were none. We did wonder  if we‚Äôd gone to the wrong place.,3,0,
Comment,1erg6f9,Any puffins left?,pritikothari,2024-08-29 14:21:19,I'm sorry I never replied to this. I was off the grid the entirety of my trip. Looks like we had the same itinerary though. Heimaey on the 23rd and Dyrh√≥laey on the 24th/25th. There were only a few at Heimaey but saw a lot at the Dyrh√≥laey Viewpoint. Hope you were able to see them too! Definitely made my trip finally seeing them.,1,0,
Comment,1erg6f9,Any puffins left?,highmaintenance16,2024-08-14 09:05:26,"I saw many of them at the same place (very closely) on 5th August!

https://preview.redd.it/h0qmz9tzhlid1.jpeg?width=3000&format=pjpg&auto=webp&s=9fddc6a4dcd3c9628bca48d2aea859018b4d0407",1,0,
Comment,1erg6f9,Any puffins left?,Green_Ad_276,2024-08-15 20:00:34,I‚Äôm so happy you got to see them.  They‚Äôre so cute!,1,0,
Comment,1erg6f9,Any puffins left?,Straight-Serve-397,2024-08-14 10:24:24,"Me too

https://preview.redd.it/momb70y1wlid1.jpeg?width=1093&format=pjpg&auto=webp&s=13022ef7b9ef23bfb11c152ce7df46f92bd1d0f8

Same puffin I believe",2,0,
