Type,Title,Author,Timestamp,Text,Score,Total_comments
Post,Puffins in late April,LtheDutch,2025-02-08 01:44:00,"I'm hoping to come to Iceland this April with my teen daughter, on a 2-3 day layover flight. She really wants to see puffins. This page has been very helpful with research and planning - and it sounds like puffins will probably be back in Iceland by the time of our visit. 
All the tours that I'm finding online start taking reservations for May 1st - does anyone know if it's possible to book a puffin tour before that, and which tour operator might be the best to talk to about that ?

 For reference, we will hopefully be there April 22-24.",4,4.0
Comment,,PolarBearEnt,2025-02-08 06:48:47,"Puffin season is generally from early May to end of August. You could do a Whale Watching tour from Reykjavik with a RIB boat, they'll most likely pass by the puffin island, and if the puffins have arrived early then you may see them. I'd recommend the tour with Elding.is, called premium whale watching from Reykjavik. 

A guaranteed way to see puffins would be to do a day trip to the Westman Islands (Vestmannaeyjar), and go to the beluga whale and puffin sanctuary. 
https://belugasanctuary.sealifetrust.org/en/puffin-rescue/resident-puffins/",3,
Comment,,Just-Replacement8284,2025-02-08 01:53:31,"It's not likely at all that there will be either tours or puffins at that time.  Tour operate by giving the customers what they are paying for and the little critters are still thinking about their trip to Iceland at this time of year... 

Best time is June-August...",1,
Comment,,goodie1663,2025-02-08 16:46:52,"My guess is that most of the operators do those dates because they can pretty much count on having puffins then, and it's not worth offering dates where they have to cancel. 

I was there the third week in August, and the tour operator had to cancel all tours on the day I booked because of bad weather. When they called me, they suggested doing the first tour of the day the next day because generally the weather was better then, so that's what I did. 

I very much enjoyed it, but we only saw maybe twenty total or so. The guide said that they were going to cancel all tours after that day and give refunds because the puffins had clearly decided that it was time to leave. 

I did see more of them later in several other locations, but you truly never know. Weather is also a factor.",1,
Post,Puffins,financial_freedom416,2025-01-28 16:25:41,"Is mid-August too late to reliably see the puffin colonies? I know the chart on this sub lists August as ""maybe"" but I'm sure there's a big difference between early-late August. I've been hoping to go in late July but the flights that I'm looking at are quite a bit cheaper a few weeks later. But I really want to be able to see the puffins!",1,20.0
Comment,,moomeecee,2025-01-28 16:30:51,"We saw SO MANY puffins on Westman island on 8/8/24.¬†

I think they‚Äôre known to be there longer, on average, than other places in Iceland. Highly recommend a trip there on the ferry, a tour with Ebbi, and an overnight on the island!",12,
Comment,,TheScarletFox,2025-01-28 16:40:46,I went to Iceland in late August of 2023 and I saw a ton of puffins in Heimaey in the Westman Islands. Definitely consider going there at least as a day trip if you have time. The island was our favorite part of our trip.,2,
Comment,,irishshaun60,2025-01-28 18:15:46,"https://preview.redd.it/te00fwl90sfe1.jpeg?width=3024&format=pjpg&auto=webp&s=91223722856716bc68e73a9fe55ce57796a8d182

This was August 29 of last year. Lots of puffins still near Vestmannaeyjar.",2,
Comment,,Perenially_behind,2025-01-28 17:47:47,"We saw some on the hills above Reynisfjara beach in mid-August last year (Aug 16, which is about as mid as you can get). We were told there had been more a couple of weeks earlier. But there were enough to enjoy. 

In Washington State we have rhinoceros auklets, which are closely related to puffins and behave similarly. We generally see them on open water. But they don't have those colorful bill sheaths. 




..",1,
Comment,,goodie1663,2025-01-28 18:02:05,"I was there the third week of August 2024, and I saw puffins, both on a puffin tour out of the capital and later at the infamous black sand beach with the ""sneaker waves"" (Reynisfjara). 

But not a lot. The tour guide on the one out of the capital said they had canceled all tours focused on that starting the next day and beyond because there just weren't enough of them still around. And I saw only a few dozen at Reynisfjara.",1,
Comment,,bklyninhouse,2025-01-28 18:40:11,"No, we saw tons of puffins (wish i could upload our videos) in Dyrholaey two days in a row in August 2023.  One day was the roughest wind and rain combo I have ever encountered, yet there they were, hanging out on cliffs, some even flying. The next day was calm and sunny and we saw so many lounging, tending to the young, or just sunbathing. It was amazing.",1,
Comment,,notquitesolid,2025-01-28 19:33:14,"A friend invited me to go with husband to Iceland to go [puffin tossing](https://youtu.be/oi0giPKOoms?si=6yVDKDobjsT6jtT9) in late August / early September. He works as an environmentalist and has a thing for birds and is terribly excited about this. I had the same question you do, but he assures me that it‚Äôs all good. I‚Äôm letting him handle the details with that part of the trip. So if he‚Äôs right, then you should be completely fine in seeing the colonies.",1,
Comment,,interstellaraz,2025-01-28 22:55:29,The puffin capital is Borgarfj√∂r√∞ur Eystri. I was there in September. Apparently they left a lot earlier than usual last year? Not sure about the rest of Iceland.,1,
Comment,,School_House_Rock,2025-01-28 16:30:49,"I don't know about Iceland, but saw puffins in Alaska (many, many moons ago) and it was AMAZING",-3,
Post,Puffins & Sightseeing,BentLikeDrums,2024-12-30 23:16:55,,2,5.0
Comment,,hydrangeapurple,2024-12-31 02:00:19,"If you love puffins, it is highly recommended that you make a trip to Borgarfjordur eystri:

[https://www.borgarfjordureystri.is/en](https://www.borgarfjordureystri.is/en)

This is one place where you don't need to join any tours and can see them at very close range (so close that you can actually touch some of them, although you absolutely should not). Some tours might only bring you to binoculars range.",1,
Comment,,procrastinata,2024-12-31 04:06:15,"Borgarfj√∂r√∞ur eystri is great for puffin-watching but L√°trabjarg cliff in Westfjords is my favourite puffin spot. Amazing landscape. You'd feel like you're at the edge of the world, with puffins and many other sea birds standing close by. We were there a couple of hours before midnight in June and the light from the low sun was beautiful.",1,
Comment,,Skyhawk_Everheart,2025-01-01 19:12:57,One of my New Years resolution's is to eat a Puffin when I visit in late April/early May.,0,
Comment,,Skyhawk_Everheart,2025-01-05 16:44:29,"Considering they're not classified as endangered, yeah I don't feel bad. At all. They've also been part of the Icelandic diet for centuries.

I trust the Icelandic government entirely to regulate the hunting of puffins to maintain a healthy population, which they do. 

Congrats on not making me feel bad. I also want to thank you - I did a touch of extra research on this topic thanks to your comment. That research has encouraged me to plan on ordering a second helping of puffin if I like it enough the first time.

Cheers!",1,
Post,Puffin Tour,MrPrettyKitty,2024-12-27 16:33:03,We‚Äôll be revisiting lovely Iceland on a couple day stopover on the way to Denmark. We want to see puffins while we‚Äôre there June 12-June 15. Suggestions for a puffin tour? We‚Äôre close enough to the BSI terminal that we can walk. Thanks!,7,12.0
Comment,,World_travel777,2024-12-27 16:45:01,There is a tour at from Harbor that markets 100% sighting of puffins.  We went and did see them.  Google key words.  Idn remember the name of the company.   I do recommend booking in advance since you‚Äôre going during summer.,5,
Comment,,littlenurdle,2024-12-27 20:37:03,"In Reykjavik, I did the Puffin Express tour through Special Tours, they take you out to two puffin colony islands close to the city that has thousands of puffins and other seabirds on it during puffin season. It was absolutely worth it for the money, and the boat was relatively small and had maybe nine or ten people on it total.",4,
Comment,,Unknown,2024-12-27 17:46:15,"If you want a really neat experience, take the ferry to Flatey island. Spend the night. 
The puffins are on the island, and you get pretty darn close! Not to mention the history on that island is incredible!!!",3,
Comment,,EvidenceFar2289,2024-12-27 20:03:47,Vestmannaeyjar Islands have a huge puffin population and Heimaey is a wonderful place.,2,
Comment,,EvidenceFar2289,2024-12-27 23:55:24,"Vestmannaeyjar is accessible by ferry about 30 minutes outside Selfoss so if you are not renting a car then I wouldn‚Äôt recommend it, instead I would book a tour that includes puffins and whales out of Reykjavik.",2,
Post,Vestmannaeyjar or Reykjavik boat cruise for puffins with 6-year-old kids?,SadlyNotSpaceballs,2024-12-16 20:24:50,"Hi, I'm coming back to a third visit to Iceland in June for a quick stopover trip, bringing my kids (6-year-old boys) for the first time. We only have 3 days. I'm debating whether it's worth dedicated a full day to Vestmannaeyjar vs. doing the short boat cruise for whales and puffins out of Reykjavik. Here's my (very tentative) agenda:

Wednesday: Arrive in late afternoon from Copenhagen. Rest and explore downtown Reykjavik. Shopping, dinner. Lava Show at night. Grab a hot dog.

Thursday: Golden Circle. Add Bruarfoss. Tomato restaurant maybe for lunch. Raufarh√≥lshellir. Dinner.

Friday: Puffins. Here's my debate - do a full-day trip, or what I'm leaning to is doing the boat tour which would open things up for Perlan, FlyOver, Nexus, maybe Secret Lagoon. Anything else I'm missing that kids would love?

Saturday: Kids' 6th birthday! Anything special to do in morning other than cinnamon buns from Broadco? Fly home in late afternoon.

Thanks!",1,4.0
Comment,,boogermike,2024-12-16 20:32:08,Puffins are not out in the winter months.,-3,
Post,Puffin Festival,djslacker,2024-12-15 04:41:22,"Sooo, it isn‚Äôt hard to find the article titled ‚ÄòThe Burning Man of Birding‚Äô, but I can‚Äôt find any solid dates on when the Iceland Puffin Festival actually is.  Can anyone help?",2,2.0
Comment,,MissKS84,2024-12-15 20:58:20,So as an Icelander I have never heard of a puffin festival there are some events around puffin but that's mostly helping pufflings to return to the ocean,1,
Post,Puffin photography spots in June,d0ughb0y1,2024-12-02 20:10:45,"Planning on an Iceland trip in June. Main objective is puffin and landscape photography.

Planning to go to Borgarfj√∂r√∞ur Eystri. This does not travel through F road right? Planning to stay there one night.

Westman Island. Do you recommend day trip or ferry the car and stay a night on Westman Island?

Any other puffin sites good for photography?

I've read for some sites (Dyrh√≥laey, L√°trabjarg?), puffins are on a cliff and quite far, so thinking not ideal for photography.

Thanks",2,7.0
Comment,,puffin-net,2024-12-02 20:30:07,Reynisfjara (one of the black sand beaches on the south coast) has puffins nesting above the basalt columns. You would need a telephoto lens but you can get some amazing shots by standing next to the columns at low tide and pointing up at the birds in flight.,1,
Comment,,BionicGreek,2024-12-03 01:54:40,Best photos of puffins I was able to take were in the westfjords and on Grimsey to the north. Do an overnight up there. Book early though as there are limited lodgings,1,
Comment,,davis_away,2024-12-03 04:29:34,"I don't know if there are restrictions in place in June, but in early August I was able to get very close to the puffins at Dyrh√≥laey.",1,
Comment,,hertziceland,2024-12-03 09:15:50,"You're right about Borgarfj√∂r√∞ur Eystri; it‚Äôs a great choice and doesn‚Äôt involve F roads, so you‚Äôll have a smooth drive. Staying overnight is a good idea to catch those early morning and late evening shots when the light is just perfect.

For the Westman Islands, if you can spare the time, I'd recommend staying the night rather than just doing a day trip. It gives you more flexibility to explore and photograph the puffins and the stunning landscapes there without rushing. Plus, the sunset and sunrise are spectacular!

You mentioned Dyrh√≥laey and L√°trabjarg; indeed, puffins can be a bit far on the cliffs which might challenge photography without a good zoom lens. If you're looking for other sites where the puffins might be easier to photograph, consider places like Akurey, St√≥rh√∂f√∞i in Vestmannaeyjar, and Tj√∂rnes Peninsula near H√∫sav√≠k for some fantastic opportunities.

If you want more detailed tips on locations and how to make the most out of your puffin photography with a rental car, check out our guide on[ Where to see puffins in Iceland with a rental car](https://www.hertz.is/iceland-nature/puffins-in-iceland-self-drive-tips/). It‚Äôs packed with all the info you need to find and photograph these charming birds all over Iceland.

Enjoy your planning and have an amazing trip capturing the beauty of Iceland!",1,
Comment,,d0ughb0y1,2024-12-02 20:42:39,"Thanks. I'll add that to my list.  
I just saw on YT video  Hafnarholmi at Borgarfjordur Eystri even has a bird blind for photographing the puffins.",1,
Post,Puffin season in July at L√°trabjarg and the Vestmannaeyjar Islands. These birds are simply adorable!,AdPrestigious8411,2024-11-17 15:04:29,,195,3.0
Post,I want to toss puffins,Chemical_Minute4305,2024-09-16 17:38:22,I read today that this time of year is when people throw puffins off a cliff for their survival and to help them get away. Is there a way to sign up for this? I‚Äôm going later this week and would love to try it! ,0,8.0
Comment,,Emotional-Horror-718,2024-09-16 17:43:58,"[https://belugasanctuary.sealifetrust.org/en/puffin-rescue/](https://belugasanctuary.sealifetrust.org/en/puffin-rescue/) ask the people who do puffin rescue. If you don't get to toss pufflings, you can at least see the permanent residents here.",6,
Comment,,Emotional-Horror-718,2024-09-17 14:12:32,"You can also see Moli, a guillemot who is perfectly healthy but refuses to be released into the wild. He's a puffin now. [https://www-visir-is.translate.goog/g/20232454762d/langvian-moli-i-vestmannaeyjum-heldur-ad-hann-se-lundi?\_x\_tr\_sl=is&\_x\_tr\_tl=en&\_x\_tr\_hl=en&\_x\_tr\_pto=wapp](https://www-visir-is.translate.goog/g/20232454762d/langvian-moli-i-vestmannaeyjum-heldur-ad-hann-se-lundi?_x_tr_sl=is&_x_tr_tl=en&_x_tr_hl=en&_x_tr_pto=wapp)",1,
Post,Puffins in L√°trabjarg,Supermoerv,2024-09-08 09:11:16,"I am currently on a road trip through Iceland and have  some time spare to explore the Westfjords and was thinking about visiting L√°trabjarg. Because it's late in the season, I expect that there won't be any Puffins left. Was anybody there recently and knows if there are still Puffins? Thanks :) ",1,5.0
Comment,,No-Attention3471,2024-09-08 22:17:15,"Been there Yesterday, it was extremly windy and 0 puffins , unfortunatly",2,
Post,Big Puffin statue is gone for the year?,ukudancer,2024-09-08 06:35:10,"Hi all, we saw this on the way to Vik earlier this week and wanted to catch it on the way back to Reykjavik yesterday...and it was gone!

Is this a seasonal thing?  My gf was a little bummed we didn't get to see it up close.",3,4.0
Comment,,ukudancer,2024-09-09 14:44:18,"This is heading to the Westman Islands ferry...I was keeping an eye out in this area and it was also gone by Saturday.  

I appreciate you looking into it.  

I honestly think it was a seasonal thing to promote folks to take the ferry to see the Puffin colony.  I'm guessing it'll be back for next year's puffin season.",1,
Post,Puffins?,Uncl3j33b3s,2024-09-07 12:56:02,Heading to Reykjav√≠k tomorrow and wondering if anyone know if there‚Äôs any chance to still see puffins?,3,12.0
Comment,,TrashApocalypse,2024-09-07 14:38:43,"You‚Äôre best bet is to take the ferry to the beluga whale sanctuary on the westmann islands, they have rescue puffins there and the most beautiful beluga whales ive ever seen. Also the first but that‚Äôs beside the point.",7,
Comment,,Pinklemonade1996,2024-09-08 00:29:04,"We saw puffins in the westman  islands on Thursday, but they are few and far in between! You can take a ferry from landeyjahofn.",1,
Comment,,sz_38,2024-09-10 06:23:33,"Same!! It varies with the time of day. Apparently puffins can be seen most often in the morning before 10 am and later in the evening. Saw an insane number of them at the cliffs around 10:30 am Aug 11, it was amazing how many were flying around.",1,
Post,Any puffins left?,Crithawg,2024-09-07 12:04:33,"Any puffins left anywhere on the southeast coast? Came earlier last year and saw them, but wondering if there‚Äôs any left this time of year. Assuming they‚Äôre all back at sea‚Ä¶",1,3.0
Post,Is it to late to see puffins in Hafnarholmi?,Pasza26,2024-09-05 08:01:47,"Hey All, 

Is there any chance to see any puffins in Hafnarholmi right now? Or are they all gone by now? 

",0,0.0
Post,Puffins at Borgarfj√∂r√∞ur Eystri?,RunDMC2020,2024-09-04 23:15:07,"Has anyone been out to Borgarfj√∂r√∞ur Eystri recently? Are there still any puffins to be seen?
We are trying to decide if it‚Äôs worth the added 2-3 hours round trip during our travels tomorrow.",1,3.0
Comment,,Weak-Wave9862,2024-09-05 18:42:22,We were there about a week ago and the puffins were gone. You might still be able to find some in the south of Iceland,1,
Post,Puffing status on Heimaey?,nocshift,2024-09-04 22:32:29,"I saw someone post there were still Puffins around as of a week ago on Heimaey, we will be there in about two days, has anyone been in the last day or so to confirm there are still some hanging out? I know it‚Äôs pretty late in the season, but just wanted to know if it was worth it to ferry over! thanks! ",1,12.0
Comment,,BionicGreek,2024-09-05 02:06:03,Check out the puffin livestream. Yesterday there were one or two kinda hiding in the burrows. You could give it a closer study.,2,
Comment,,valer85,2024-09-07 14:27:00,"we were at the Puffin Lookout¬†point. there's also a small cabin where you can wait without being killed by the wind. I don't know how late you can see them, we were there up to 7 pm",1,
Comment,,Ok_Carob2433,2024-09-07 14:50:37,I was there right at the cabin platform this morning between 8:30 and 9:30. I saw quite a few flying in and out of the nests none were close. Next time I'll make sure to be here in Aug. I talked to a photographer there. He told me that the local told him this is the last few days of seeing puffins for the season.,2,
Post,Puffin Status? (first week Sept 2024),cinnamon-starfish,2024-09-04 11:09:24,"Anyone seen any puffins recently? I know might not be possible in the first week of September. We plan to go to the Westman islands in 2 days and try there. Currently near Glacier Lagoon.

",5,18.0
Comment,,BionicGreek,2024-09-04 11:32:41,"I‚Äôve seen some posts in the last day with mixed answers.  

This is very clear however 
https://www.visitvestmannaeyjar.is/live-puffin

(If you look really closely you can see a couple in the burrows. I don‚Äôt know the status in a couple days)",4,
Comment,,KillerDisturbed,2024-09-04 14:32:07,"Been trying Vik Beach area last night, this morning but nothing yet. Gonna keep trying! Going to Westman in 2 days and I see Puffins periodically on the livestream so I've got some hope if we don't see them in Vik, we'll see them in 2 days üôèüôè",3,
Comment,,cinnamon-starfish,2024-09-06 10:57:51,"Update: we saw puffins this morning \~1 hour after sunrise ü•π thanks so much everyone for the help!! They are perfect lil cuties!!!

https://preview.redd.it/sgl4d1e076nd1.jpeg?width=1170&format=pjpg&auto=webp&s=bde62ee6712d14d87387df5849afd6f3fc640c13",1,
Comment,,cinnamon-starfish,2024-09-04 20:31:16,Best of puffin luck to you!! üçÄü§û,1,
Comment,,cinnamon-starfish,2024-09-11 00:56:24,8am one day was amazing! Lots of flying puffins,1,
Post,Best place to try to see puffins in Vestmannaeyjar?,bejewledjules,2024-09-03 16:55:15,"Hey!

Just arrived with the ferry to vestmannaeyjar. Does anyone have an idea og where it would be best to see some puffins and at What time? 

Thank you",3,13.0
Comment,,NoLemon5426,2024-09-03 17:00:29,"""Puffin Lookout"", navigate there on Google. Do you have a vehicle? It's puffling season and therefore you can help rescue babies if you're able to commit to this.",6,
Comment,,Oli_Picard,2024-09-03 17:54:52,"The puffin lookout is worth visiting especially in the morning. It‚Äôs a great experience and I hope you enjoy your time in the islands. The hop-on hop-off coach runs until 17:00, after that if you need a ride there is a very efficient local taxi service Eyjataxi is the local taxi service, they accept card and cash.",2,
Comment,,pritikothari,2024-09-03 20:32:47,Praying you get to see them! Went there like 2 weeks ago and only saw like 20 of them really far away. Think they might've been out at sea fishing when I went though. Highly recommend Gott for dinner once you're done puffin watching!,2,
Comment,,typicana,2024-09-04 19:40:47,Allot of the restaurants I went to had puffins,1,
Comment,,bejewledjules,2024-09-03 17:06:02,"Okay we are walking, so we wanted to try either ‚Äúpuffin lockout‚Äù or ‚Äúbeautiful puffin and shore view‚Äù (on google Maps)",1,
Post,Westman Islands Puffins,broccoli15,2024-09-01 20:22:31,"Currently staying near Seljalandsfoss and considering adjusting our agenda tomorrow to go to Vestmannaeyjab√¶r. Anyone know if there are still puffins there? We would be heading to 
J√∂kuls√°rl√≥n after spending some time on the island. ",3,5.0
Post,Hafnarh√≥lmi - Puffins,Castlekingside619,2024-08-31 16:33:44,Anybody know if they're still here? Thinking about driving out to check them out if there's a chance of seeing them. I'm 1.5 hours away and missed them at Dyrh√≥laey :( ,1,3.0
Post,puffin updates pls,Ok-Apartment-9759,2024-08-27 20:42:51,I missed the puffins by a day last time in reynisfjara so I was wondering if there is a puffin update thread. I plan to seek them out north west in a few days and westman islands maybe around the 3rd of September. fingers crossed!,0,13.0
Comment,,dialabitch,2024-08-27 21:30:16,"Copying what I just posted in another thread:

This might be overkill but get the eBird app / make account / tap Explore / tap upper right settings and change to 1 day or 3 days / tap the green fire icon to change to species search / enter Atlantic Puffin to see latest sightings. Some of the locations will even include the precise gps coordinates. This is what it shows currently for last 3 days.

Ôøº‚Äã

https://preview.redd.it/hsj3g83qy9ld1.jpeg?width=1170&format=pjpg&auto=webp&s=7a6bd33489d2fa5ba85f4b368e9776eaaa617302",5,
Comment,,pritikothari,2024-08-28 21:39:22,Did the Westman Islands puffin and volcano tour on 23 August and sadly only saw a few but I know it's late season. Trip was still worth it as I got to hold a cute puffling. Definitely coming back there in the future in June/July so I can see boatloads of them there like others have seen. I saw a lot of puffins at Dyrh√≥laey Viewpoint on 23 and 24 August around 20:00 though. Sending you good vibes that you get to see them too.,2,
Comment,,AceRodent,2024-08-27 23:33:34,If OP has time to go to Westman Island then the puffin lookout at St√≥rh√∂f√∞i is preferable to Dyrh√≥laey lighthouse as at the former the puffins  are much closer to you. That is if they are still there,2,
Post,Puffin august 2024 ? ,DefinitionOdd7932,2024-08-23 21:35:31,"Hi ! I‚Äôm looking for a good spot for seeing puffins in end August. Someone saw them recently ? 
Thanks",6,12.0
Comment,,ztoby97,2024-08-24 12:24:54,"Just last week we saw a whole Puffin Colony (easily over 2000 of them) on the Westman Islands, specifically at the St√≥rh√∂f√∞aviti lookout point. Easy ferry ride over just be prepared for powerful wind gusts. Would definitely recommend it was a highlight of our trip!",2,
Post,Birds other than puffins  ,Alternative-Olive952,2024-08-23 19:59:06,I'll be there in late September so I will miss the puffins. What are some of the other common birds to look out for when I'm there? Staying in Reykjavik and then doing the golden circle/ southern tour. Thank you!,9,22.0
Comment,,dialabitch,2024-08-23 23:52:36,"[Birds in Iceland Other Than Puffins](https://www.reddit.com/r/VisitingIceland/s/M33dqCcH3k)

Happy birding! Bring some binoculars!",2,
Post,Have the puffins left? ,andrea-x,2024-08-23 17:30:32,"We're heading to the Westman Islands tomorrow. It's the end of the season but we were hoping to see some puffins. However, the cliff in the live broadcast seems to be empty. Is anyone currently on Heimaey? :) ",0,12.0
Comment,,Upvotes4theAncestors,2024-08-23 22:58:08,"We just saw them yesterday! We went to the puffin hut and saw tons. We took the 8:15 AM ferry and went straight there. 

We also saw families releasing pufflings on the beach. 

As a fail safe you can always go to the aquarium where they have a few rescue puffins that can't be released. They are behind glass but they are cute and we watched them get fed.",2,
Comment,,andrea-x,2024-08-24 16:02:51,"UPDATE - for anyone who might also be visiting Heimaey soon, the puffins are still there! ü•∞ (24/08/2024)

https://preview.redd.it/26qdbj2fxmkd1.jpeg?width=3888&format=pjpg&auto=webp&s=248ec5b01ffddb9512333f1cc435e17cab6e9e13",1,
Comment,,andrea-x,2024-08-27 22:41:23,"Yes, we saw them on the 24 and 25 of August, hundreds of puffins were there! :)",1,
Comment,,ABikerTeaParty,2024-08-25 16:05:41,Thank you! We got to see them this morning and it was so fun to watch them! If anyone else comes here looking for puffin info‚Äî we also saw them this afternoon hanging out around the cliffs near the golf course (on the walk toward elephant rock),1,
Post,Puffins at Borgarfj√∂r√∞ur?,anxiouschihiro,2024-08-23 16:15:50,I'll be in this area in a couple days... wondering anyone's been recently and have seen puffins? ,3,4.0
Post,Puffin at Dyrh√≥laey,flyindy,2024-08-21 20:24:59,,172,6.0
Post,Puffin taking flight,Ilegitimate_Basshead,2024-08-20 05:17:11,"Couple weeks ago, Dyrh√≥laey. Thousands of birds and we had the cliff almost to ourselves. ",85,1.0
Post,Puffins?,Motor_Town_8098,2024-08-19 19:02:49,"Just heard that the H√∫sav√≠k tours aren‚Äôt stopping at the Puffin island as there aren‚Äôt many left.  

We were planning to go to Borgarfjordur Eystri in a couple of days time to see the Puffins, but are worried that it will be a long way out of our way if most are gone.

Has anyone visited that area recently and seen if the Puffins are still around?

Thanks very much!
",4,17.0
Comment,,dawkins_20,2024-08-19 22:52:56,There were an absolute ton of Puffins at Reynisfjara Beach today !,6,
Comment,,AceRodent,2024-08-20 00:11:45,"I was at Dyrh√≥laey last Sunday and saw a lot of puffins at relatively close range. However, Westman Island has even better views of puffins at a much closer range.",5,
Comment,,A-Handsome-Man-,2024-08-20 00:12:35,"This was last year but we were on Westminster Island the last week of August and saw plenty of puffins all three days at Puffin point. The island town is worth the visit to relax and slow down. Great community pool, great pizza place and puffins upon puffins. Bonus this time of year the ‚Äúmuseum/hospital‚Äù will have some rehabilitating so you can see up close and personal",3,
Comment,,EgNotaEkkiReddit,2024-08-19 19:26:45,"The puffins are leaving as we speak, so you're more likely than not to miss them I'm afraid.",2,
Comment,,vipsonly,2024-08-19 20:14:01,"Took a small puffin tour (special tours) off Reykjavik yesterday and saw plenty of puffins. However, we were warned that Puffins could fly out anyday. The last boat tour is tomorrow I think.",2,
Comment,,Remote_Antelope_8601,2024-08-20 07:16:21,"There‚Äôs plenty of puffins to be seen thru mid September at the Westman Islands. You won‚Äôt be disappointed.

https://preview.redd.it/5cfxwjmwrrjd1.png?width=1931&format=png&auto=webp&s=094e243221ff034b7611b588bf5cbcbbb9e155f4",2,
Comment,,Swimming_Lake_1638,2024-08-20 18:54:13,"Dyrholaey beach, just outside Vik a opromontory, offering panoramic views, a lighthouse, and a chance to see puffins
Is the best place to see puffins from 4-6 feet",1,
Post,Puffins watching in Mid August,Djangobatman,2024-08-17 21:35:31,"Hi Guys, what are the chances of seeing puffins in Dyrh√≥laey during next one week? Is there any other places in south Iceland where we could see ?

 What is the best time to visit? - We tried puffin watching in borgarfj√∂r√∞ur eystri and we could not see any puffins ( probably they have always left? Or we went at wrong time - we were there at around 4 to 6 PM)",4,5.0
Comment,,KragM,2024-08-17 22:20:14,"There were a lot of puffins in Dyrholaey Friday last week,  I hope they are still there when you go! (Around 8a.m. place was full. I think they are there all day)",2,
Comment,,AceRodent,2024-08-17 23:26:46,"I was just there past Sunday Aug 11 at around 2pm and there were tons of them there. However, the puffin lookout at St√≥rh√∂f√∞i in Westman Island is much more awesome as they are literally right next to you whereas in Dyrh√≥laey you have to look down a cliff and zoom in, but latter is still good though.",1,
Comment,,Perenially_behind,2024-08-18 12:44:25,"We saw some puffins at Reynisfjara Beach near Dyrh√≥laey a couple of days ago (Aug 15 or 16). They were on the hill behind the beach. Mostly roosting but we saw a few flying.

My wife thinks there were a couple hundred of them. There were more terns and gulls flying though.",1,
Comment,,Remote_Antelope_8601,2024-08-18 15:34:40,We ran into a family yesterday at Hvammvik hot spring who saw puffins at Dyrholaey this week. You should hopefully be good!,1,
Post,A few puffin photos from this week :) ,uncultured_kid,2024-08-14 20:39:26,,56,4.0
Post,Puffin boat,Latter_Literature880,2024-08-14 13:08:26,I'm trying to book the one-hour puffin tour for next week (from Reykjavik) and they seem to end after Tuesday the 21? Does anybody have info on a one-hour or so tour from the city I can take with 3 people total on Wednesday morning?  Thanks in advance for any intel! ,2,4.0
Comment,,stevenarwhals,2024-08-14 14:46:05,You can try emailing the company and asking if they would add a tour on the morning of the 21st. They‚Äôll probably say No but it‚Äôs worth a shot. Or try to find another tour operator that‚Äôs still running then. But the tours stop running then because that‚Äôs when the puffins fly out to sea for the year.,3,
Comment,,boogermike,2024-08-14 13:17:31,"FWIW, we saw a ton of puffins in the South close to Vic in the town with the D name that I can't spell

https://lestalkmoretravel.com/2019/09/23/how-to-see-puffins-in-iceland/",2,
Comment,,foxed-and-dogeared,2024-08-14 14:52:06,Dyrh√≥laey! Was just there earlier this week and saw a ton of puffins.,2,
Post,Whale Watching and Puffin Sightings,farheen_sh,2024-08-14 01:14:22,"I‚Äôll be coming to Iceland from October 18-27. I‚Äôve read the best months for whale watching are April to September but I‚Äôm wondering if any whales will be visible at the time in visiting? How about puffins? 

Thanks! ",0,1.0
Comment,,LawfulnessRemote7121,2024-08-14 01:36:52,The puffins will be long gone.,2,
Post,Any puffins left?,bagheera457,2024-08-13 19:02:28,"Hi! We are in Iceland right now, I know that it is pretty much the end of the season, but I just wanted to check if anyone had any luck seeing puffins anywhere in the last few days...

I have checked the webcam on Borgarfj√∂r√∞ur eystri and it seems empty right now, but maybe there are some times when they are easier to see?

We were thinking about taking the ferry to Heimaey tomorrow, but if there are fou sure not going to be any puffins there we might change our plans and check out something else, there is no lack of things to see ;)

Thanks!

UPDATE: PUFFFINSSS!!! Thanks a lot for the answers, we decided to go to Dyrh√≥laey: rainy, cold and windy AF, but loads of puffins as of August 14th, 11-12am. ",25,50.0
Comment,,moomeecee,2024-08-13 19:33:13,"Make your way to this colony on Heimaey: [https://icelandthebeautiful.com/storhofdi-vestmannaeyjar-heimaey-iceland/](https://icelandthebeautiful.com/storhofdi-vestmannaeyjar-heimaey-iceland/)

We saw so many puffins there on 9 Aug, and our tour guide said they typically leave mainland Iceland in mid-August, but will be at that spot on Heimaey for another month.",6,
Comment,,pritikothari,2024-08-13 20:09:57,"I'll be in Iceland next week and I'm probably going to post the same early next week for a revised Puffin report, really hoping I don't miss them. Going to both Heimaey and Dyrh√≥laey to see them but cutting it close with their estimated departure window. Sending good vibes to you that you can see them!",6,
Comment,,wallywest25,2024-08-14 02:53:06,"I was in Iceland at the end of August last year and there were tons of puffins at Dyrholaey

https://preview.redd.it/ykcho0efnjid1.jpeg?width=3024&format=pjpg&auto=webp&s=457173f8c7d640ab4ab477372fc670d42d5439f0",3,
Comment,,amargret36,2024-08-13 21:02:36,As a Icelander going out there you have about 85-90% chance of seeing puffins out there,3,
Comment,,alanviverette,2024-08-13 22:26:19,There were still plenty of puffins at Vik today. We took a ~45min lookout point hike from the lot north of the Vik information center and were able to see them from above and below.,3,
Comment,,atlasisgold,2024-08-13 23:25:51,When is puffin season?,3,
Comment,,bagheera457,2024-08-14 12:01:27,"https://preview.redd.it/jw8h9ftbdmid1.jpeg?width=2304&format=pjpg&auto=webp&s=2820a04aa91bb11a3eb35ba49ad54df1e4778b1a

Puffins today, August 14th, 11-12am",3,
Comment,,Away-Catch-9159,2024-08-13 22:12:20,Hafnarh√≥lmi    Loads of puffins,1,
Comment,,Fun-Cauliflower-1724,2024-08-14 00:52:27,Drangey Island in the North has a ton of puffins as of a couple of days ago. But the guide on our tour told us they‚Äôre about to start leaving,1,
Comment,,pmocek,2024-08-14 13:49:03,I saw multiple pairs and triplets of puffins in the water from a roadside cliff viewpoint on highway 85 between K√≥pasker and H√∫sav√≠k (northern Iceland) a few minutes ago.,1,
Comment,,Open_Ad_4741,2024-08-14 15:30:49,"I plan to go to Westman Icelands, and also Borgarfjorour - so if i dont see them at one I'll see them at the other. 

  
I think Westman is very famous for the puffins.",1,
Comment,,Dragon_king_264,2024-08-25 21:45:37,Any puffins left anywhere ? I was at the light house today around 7pm only saw 1 very far away.,1,
Comment,,Mean__MrMustard,2024-08-14 01:00:34,We may have been in the same group. Was also there with my group on August 9 and honestly seeing that many puffins was one of my absolute highlights of the whole trip.,3,
Comment,,Straight-Serve-397,2024-08-14 10:24:24,"Me too

https://preview.redd.it/momb70y1wlid1.jpeg?width=1093&format=pjpg&auto=webp&s=13022ef7b9ef23bfb11c152ce7df46f92bd1d0f8

Same puffin I believe",2,
Post,A quest for a Viking puffin ,MigraineWoes2889,2024-08-13 04:01:20,"Hello all,

Over a year ago my sister and her family traveled to Iceland and had an amazing time. My youngest nephew became enamored with a particular souvenir, a puffin plushie with a stereotypical Viking helmet. He was unable to buy the item because they did not want to haul it around and find a place in their luggage for it. He continues to talk about this toy to this day. Can anyone direct me to a store website that sells these Viking puffins? I would be ever so grateful!",5,3.0
Comment,,slambroet,2024-08-13 14:07:23,"It‚Äôs not gonna be the same, but you can definitely buy a regular puffin plushie and order one of these, they look adorable 

https://whimsiwhiskers.com/new-products/wizard-hat-and-scarf-for-stuffed-animal-kw7hd-9cky4-ptyan-hjxf6-9z3jk",1,
Comment,,do-wr-mem,2024-08-13 22:36:56,https://www.giftfromiceland.com/product/viking-puffin/ Out of stock :(,1,
Post,Dyrholaey and Puffins,pinkglue99,2024-08-03 00:18:17,"Hello! We are planning to stop off in Dyrholaey to try to see some puffins with the kids this weekend, on the way to Vik. We have one person very afraid of heights so are not going to the lighthouse. Can we still see the puffins from a low height? And if we have a more adventurous family member, are there enough warning signs and safeguards from the Sneaker Waves? How concerned should I be?",2,11.0
Comment,,AlaskaGreenTDI,2024-08-03 00:59:34,"There are plenty of warning signs about the sneaker waves, but the only safeguard is you take responsibility and heed the warnings and not do something stupid. It‚Äôs not like there‚Äôs a fence or someone there to scold you and chase you back. There is a big map with different zones and there will be a sign with the associated risk level for that day. But pushing the sneaker boundary isn‚Äôt going to give anyone extra puffin access, all the more reason to not push the wave guidelines. Also watch some sneaker wave YouTube if you want more reasons not to risk it.",5,
Comment,,JLRiverCrow,2024-08-03 04:32:31,I would also suggest the other side. The beach in Vik had puffins visible.  It‚Äôs a bit safer beach and way less people.,1,
Comment,,suprasternaincognito,2024-08-03 09:13:43,I was just here on Thursday and there were a ton of puffins. Poor things couldn‚Äôt catch a break. https://maps.app.goo.gl/iZ4jdeiyKYgiMzJa9?g_st=com.google.maps.preview.copy,1,
Comment,,pinkglue99,2024-08-03 12:40:24,I have but others in our group haven‚Äôt - we would just pop over to see it and maybe hope for a puffin,1,
Post,Handmade Puffin Plush?,chinchillalover17,2024-07-29 13:03:29,"This is a long shot, but does anyone know of any stores in Reykjavik that have hand knit or crocheted puffin stuffed animals? All the tourist souvenir places have only had mass produced low quality pushes. I didn't have any luck at the Hand Knitting Association, and the employee I spoke with didn't have any recommendations. No price limit, also open to stores near Keflav√≠k. ",1,1.0
Comment,,misssplunker,2024-07-29 15:04:26,"Never heard of it, the only crochet puffin plushie I could find online was from Kollu hekl: [https://www.facebook.com/profile.php?id=100057418990504](https://www.facebook.com/profile.php?id=100057418990504) 

I'm not sure where she sells these particular plushies but she seems to be located in Hafnarfj√∂r√∞ur and has an email on her facebook page so you could contact her to see if she can sell you one. She seems to take commissions and sells some of the items she crochets",1,
Post,"Are there still puffins in Hafnarholmi Bakkager√∞i, right now?",IcyChoice123,2024-07-29 08:42:40,"Hi, I am traveling to Hafnarholmi Bakkager√∞i later today or tomorrow, do you think I still have a chance at seeing puffins this time of the year?",1,3.0
Comment,,JoeWhy2,2024-07-29 09:46:28,Puffins generally don't migrate from Iceland until early September.,2,
Post,Puffins at Latrabjargüêßüíô,mb_1983,2024-07-28 22:16:57,,288,26.0
Comment,,razrus,2024-07-29 14:57:09,I'm going to westfjords in 3 weeks. Hopefully see some puffins.,2,
Comment,,mb_1983,2024-07-29 11:15:58,Nikon Z8 and 70-200 f2.8 - that puffin pretty much landed right in front of me,1,
Post,Puffins,Waternymphlore,2024-07-27 19:01:37,I thought it might be silly to dedicate so much time and effort to seeing puffins but it ended up being one of the highlights of our trip. They‚Äôre fun to watch and so cute in person!,223,21.0
Comment,,Steffigheid,2024-07-27 21:56:54,"https://preview.redd.it/vgt2lxd8v4fd1.jpeg?width=6000&format=pjpg&auto=webp&s=f32d8811e03731ef3126fdf35cd459eda4f271a0

We saw them as well! I dont really care for birds, but Puffins are something else. Very fun to watch",6,
Comment,,Sea-Emotion2123,2024-07-28 18:00:36,Neat! We have some time at Patreksfjordur at the Port. I wonder if we can see some puffins while we‚Äôre there.,1,
Comment,,Unknown,2024-07-31 03:55:22,"They are really cute. I went to a Puffin Island (among other islands) on this long boat adventure on the middle of icebergs. They told us that Puffins are little fatties and sometimes when they overeat they actually have trouble lifting off for flight, so they gotta sit around and just chill for a time.

Is this true?? Figured you guys would know.",1,
Comment,,cdmove,2024-07-28 01:38:18,"puffins are delicious, hope you had some.",-8,
Post,"Everybody loves puffins, but I thought I'd share some photos of the rest of the avifauna of Iceland from my trip at the beginning of the month.",yayastrophysics,2024-07-22 01:10:35,,222,24.0
Comment,,outsideleyla,2024-07-22 13:53:48,"I loved seeing all the Puffins and Puffin cousins :) These are fantastic shots, bravo!",1,
Post,Westman Islands Puffin,snizo_,2024-07-21 21:58:24,"Hi all! I'm visiting Iceland in August and interested in visiting the Westman Islands, primarily for the puffins. I work in avian conservation and I've heard about the nightly ""Puffin Patrol"" to help get the pufflings out to sea. Is it frowned upon for foreigners/tourists to participate in this?? I can think of no better way to spend my vacation than helping the pufflings on their way but also want to be respectful to the locals! 
",4,7.0
Comment,,wclim91,2024-07-23 02:47:44,"I believe tourists are welcome to join, though early/mid August may be slightly early for it.   
I read that usually rescue season starts from end aug or early sep.  
It was [Sep 2-24 in 2022](https://belugasanctuary.sealifetrust.org/en/puffin-rescue/puffling-season/)",1,
Comment,,Remote_Antelope_8601,2024-08-18 21:50:05,Any insight where Puffin Patrol gathers? I am at the Westman Islands now,1,
Comment,,snizo_,2024-08-19 00:50:53,"I ended up changing my trip to September due to work so all I can tell you is what I've learned from reading care guides! 

1) Puffin Patrol isnt really a gathering of volunteers per se, you just kind of go out on your own at night. Pufflings get confused by artificial light, so in the city or by the harbor are probably your best bets. They can also be found not far from colonies, such as near Heimaklettur, Ei√∞i√∞, and Dalfjall. 

2) Pufflings generally fledge (leave the nest) at the very end of August or early September. Puffling season typically ends ~4 weeks later. August 19th is probably slightly too early to see any pufflings, but you could try calling the Sea Life Trust and asking if they've had any puffling reports yet.  

3) Catching a Puffling:

-After dark, use a flashlight to check under cars, boxes, alleys, etc. for pufflings. Be very careful not to step on a puffling when chasing it! Use clean gloves when catching a puffling. Any standard pair should do, doesn't have to be medical gloves. Puffins are seabirds so they rely on a special oil coating on their feathers to remain waterproof. The oils on human hands can disrupt feather waterproofing if handled too much. Hold the bird with its wings pressed against its sides to prevent any injuries from flapping/wiggling. 

-After catching the puffling, place it in a cardboard box. You can also place grass at the bottom to help avoid pufflings from getting their own feces on them. This is a very stressful experience for them so keeping them in a dark, safe environment helps calm the bird. Be sure to use a box with proper airflow, but not holes big enough for the bird to escape or injure itself. Most local hotels and businesses can give you a box or assist you in finding one. Avoid handling the bird once it is in the box - remember these are wild animals that need rescuing and too much human interaction can be harmful! 

-DO NOT feed the bird. Oils from fish placed in the box can harm the feathers. 

-Ideally only keep 1 bird per box. 


4) Releasing a Puffling:

-Pufflings MUST be released the next morning. If your puffling seems injured, lethargic, or underweight (underweight birds have a very prominent and pointy breastbone rather than a rounded one) please take it to the Sea Life Trust where a rehab team can give it medical attention! You can also bring your healthy bird to the Sea Life Trust in the morning to get it checked out & weighed for researcher data. 

-If your bird is healthy you can go release it! DO NOT release it in the harbor, as oils from ships can damage the feathers. Popular release spots include cliffs, beaches, or boats out at sea away from human activity. 

-When releasing the bird, hold it firmly around the midsection but do not cover the wings. Toss your arms up gently one or two times before releasing the bird to allow it to feel the wind and prepare for flight. Toss your bird into the air over the water. At this point, many pufflings WILL NOT fly - that is okay! Often pufflings will sit on the water for a second or two before diving below. Whether your puffling flys or dives is perfectly fine. 

5) Remember that Puffin Patrol is a rescue effort! Pufflings are not pets and should be handled, treated, and respected as wild animals. As exciting as it is to see a puffling, please act safely and responsibly when on patrol. 

Hope this helps!",4,
Comment,,aim4444,2024-12-11 15:45:24,"Did you end up going in September? If so, what was your experience? I am debating going in May or September with my primary interest being puffins. If I go in September, I would love to participate in puffin patrol however I'm curious if this is easy to do or frowned upon as a tourist? I would want to participate respectfully! Any insight would be great.",1,
Comment,,snizo_,2024-12-11 16:04:27,"

If you go in May you'll see adult puffins - if you go in September you MIGHT see pufflings. If your primary goal is to see puffins I'd probably go in May. 

In September the adult puffins have all gone out to sea and most of the pufflings are gone too. I ended up seeing one puffling by the Westman Islands harbor on September 14th around 10:15pm, but that was very unexpected. No one was out doing puffin patrol except us, and we got worried that we looked sketchy so finished by 11:30 or so. My understanding is that tourists are welcome to join in puffling patrol so long as you're being respectful (see my guide below), but if you're visiting specifically for puffling patrol I'd plan to go during late August or during the very first few days of September when everyone else is out.",1,
Post,Best puffin spots on south coast mid-August,CPJayB,2024-07-06 22:18:36,"Hi there -- My wife is a photographer and a puffin nut, and we're hoping to see a bunch during a short stay on the south coast near Vik in mid-August. Curious where the best spots are (we're open to ferrying to Westman Islands), and whether it's wise to book a puffin tour. Thank you! ",8,10.0
Comment,,NoLemon5426,2024-07-06 22:32:42,"I would just ferry to Heimaey because it's worth the trip anyway. You can get pretty darn close to the puffins at the little lookout. Also, mid-August might be a smidge early *but* it's possible to help rescue the babies at night and babysit them until morning then release them. Just depends when they're hatching!",6,
Comment,,coasterjake,2024-07-08 02:47:18,Saw them as late as September 1st on Reynisfjara last year. Id just go to Dyrholaey personally. Not worth going to the Westman Islands just for puffins to me,1,
Comment,,jamiekinney,2024-07-07 00:25:20,"+1.  This is your best option in Southern Iceland. Mid-August is towards the end of the puffin season, so be sure to head there earlier in your trip if you can.",1,
Comment,,NoLemon5426,2024-07-07 14:02:51,"It's possible.

[Report on the 2022 season.](https://belugasanctuary.sealifetrust.org/en/puffin-rescue/puffling-season/) September 2 - 24 that year.

[More reading.](
https://www.smithsonianmag.com/science-nature/icelandic-town-goes-all-out-save-baby-puffins-180981518/)",2,
Post,"Go to Borgarfj√∂r√∞ur Eystri! While there, take a tour with Puffin Adventures!",Pluviousday,2024-07-06 09:03:32,"First picture is just 1x zoom from the walkways in Borgarfj√∂r√∞ur Eysteri. There are so many puffins everywhere and it is well worth the drive. 

While you‚Äôre there, I really recommend Puffin Adventures (puffin.is). It‚Äôs run by 2 brothers who are super knowledgeable about the geography, wildlife, and culture of the area (they live in the village and were fishermen before starting their business). The rest of the pictures are from our tour but the pictures don‚Äôt do it justice. It was the high point of an already phenomenal trip. It‚Äôs a little RIB so you feel like you are flying with the puffins and other sea birds when on the ocean and you get to go into all these hidden coves along the coast. We also saw seals and the day before they saw whales, so it is more than just a puffin trip.

The final picture is so you can see all the safety gear in case you‚Äôre worried! As someone who gets super sea sick, I would do this again in a heart beat!!!

Final recommendation: stop by the Alfa cafe in the village next to the fishery for the freshest, most delicious fish stew of your life.",46,0.0
Post,Puffin Party at Borgarfj√∂r√∞ur Eystri,theflyingtarts,2024-07-05 23:33:51,Highly recommend visiting Borgarfj√∂r√∞ur Eystri if you love puffins. I was there a couple of days ago and saw so many of these beautiful goofy birds.  ,143,22.0
Comment,,MeanKitty8,2024-07-07 09:55:42,Puffins are so cute! Thanks for sharing the üì∏,3,
Comment,,er111a,2024-07-07 23:04:58,Puffins are such awesome birds,2,
Comment,,theflyingtarts,2024-07-06 20:58:48,"There is a walkway through the hill

https://preview.redd.it/h9a9d7copyad1.jpeg?width=4284&format=pjpg&auto=webp&s=0d907ddd09d1c240896e11e807fc780204c88d03

the puffins nest in so you can get close (30cm away). I used my iPhone 15 for pics but for sure wish I had a better camera and there were a few people there with big lenses. Photo of my feet on the walkway for your reference üòä",1,
Comment,,FineMany9511,2024-07-06 23:41:26,"I was there this week. Around 10AM they were very active flying in and out, doing mating rituals, bringing back fish, etc. lots of grunting. Lighting wasn‚Äôt the best as it was too harsh but the puffins were goofing about.",2,
Comment,,Inniskeen76,2024-07-06 23:59:44,"Thanks so much! üòäI can‚Äôt wait to see them. When we went to Heimaey last year, a mist and fog rolled in before we made it to the Puffin lookout and so we only saw a few ghostly shapes through the mist! Hoping for a better look this time!",3,
Post,Best Puffin Tour in Vestmannaeyjar?,hippieotter,2024-07-01 01:48:04,"Which one is better? Ing√≥lfsh√∂f√∞i Puffin Tour or 
Eyjatours - Puffin Tours in Iceland? 

Thank you! ",2,4.0
Comment,,figwink,2024-07-01 13:52:09,"Here‚Äôs a tour guide who lives on the island and regularly photographs the puffins and birds there. He does bookings through Airbnb and his page can be translated to English so check out his reviews. https://www.airbnb.de/experiences/3704691?guests=1&adults=1&viralityEntryPoint=2&s=76

He also rents an RV at his house, and is really nice and knowledgeable about the island.",1,
Post,Searching for puffins ,PlethoraofPuffins,2024-06-27 12:04:52,"Is it possible to see puffins in Southern Iceland or Reykjavik? 

We are currently staying near the Glacier lagoon with more day left before heading back to Reykjavik. 

Borgarfjorour Eystri is 5 hours away. The puffin viewing looks amazing there, but not sure it‚Äôs doable or worthwhile in one day. 

",0,9.0
Comment,,Adamantium-Aardvark,2024-06-27 12:29:00,"- Dyrholaey is accessible by car on the south coast. 

- Heimaey is an island and requires a ferry. 

- Ingolfsh√∂f√∞i requires a tour with a tractor ride across a large beach and a hike up onto an island. Pricey but people seem to enjoy it. 


The cool thing about Borgarfjar√∞arh√∂fn is that you can just drive right up to the harbor, and walk up a short staircase and see the puffins right up close at no extra cost. The only ‚Äúcost‚Äù is the long drive there. It makes sense if you‚Äôre doing the ring road and stopping in Egisslatdir, since it‚Äôs only an hour drive from there. But I wouldn‚Äôt do a 5 hour drive each way just to go to this spot, personally.",3,
Comment,,MinervasOwlAtDusk,2024-06-27 13:44:56,"Heimaey is part of the Westman Islands. It‚Äôs about a 2-2.5 hour ferry trip from Reykjavik, then a 10 minute drive (if you have a car) to the point with all the puffins. There‚Äôs a terrific volcano museum there, too. This option is cheaper, but if you don‚Äôt have a car, it‚Äôs about a 30 minute hike to the puffins (which is fine, except it‚Äôs often in cold rain, so be sure to have rain gear).

Another option‚Äîthere are puffin boat tours that leave from Reykjavik. This would be somewhat more expensive.",2,
Comment,,Trivial-P-Happiness,2024-06-27 19:25:01,"Borgarfj√∂r√∞ur eystri was heaven for me, but that is a long trek and you should try to going the morning or evening. The Westman Islands are also incredible and worth the ferry trip alone, but again you want to go morning or evening. We were at the puffin lookout on the westman islands around 8pm and only saw a couple. A few hours late we saw tons coming back to nest elsewhere on the island. And Dyrh√≥laey closes at 7pm. You should be able to see some at Reynisfjara Beach because you can go later in the evening. As already mentioned, the Ing√≥lfsh√∂f√∞i Puffin tour is another option closer to you.",1,
Comment,,nsr715,2024-06-28 00:53:02,"I just did the Ing√≥lfsh√∂f√∞i Puffin Tour last week and it was fantastic! It‚Äôs not too far from the Glacier Lagoon if you still have time to squeeze it in. The guide will take you right to where the nests are and there are thousands of puffins there.

https://preview.redd.it/gusfyq17n79d1.jpeg?width=1535&format=pjpg&auto=webp&s=98dd091be8d8704982da629ab8f96fe48105f36f",1,
Comment,,Dizzy_Yak7318,2024-06-27 12:50:49,We saw puffins on Heimaey last month. Lovely island and worth a stop. Could also go to the Beluga Whale Sanctuary.,4,
Comment,,PlethoraofPuffins,2024-07-04 16:24:08,"Thank you! We did Ing√≥lfsh√∂f√∞i Puffin Tour and had an incredible time!

https://preview.redd.it/zmfl8s8w2jad1.jpeg?width=1179&format=pjpg&auto=webp&s=9651af80174627f6fd8fa01704ea2f7feb0807fc",2,
Comment,,PlethoraofPuffins,2024-07-04 16:23:23,"Thank you for the excellent recommendation. We ended up doing the Ing√≥lfsh√∂f√∞i Puffin Tour thanks to your advice. It was incredibly close to the Fosshotel Glacier Lagoon. Loved the scenery, the knowledgeable and friendly guide, the tractor ride, the fact that the business has been family owned for generations, the gorgeous cliffs, and most of all‚Äî the plethora of puffins.

My puffin pics pale in comparison to yours,  but my God, what an incredible experience. Thanks again for your thoughtful advice.

https://preview.redd.it/q2jivhuq2jad1.jpeg?width=1179&format=pjpg&auto=webp&s=40294a622c9d47acef62f157c097fdc230693a94",2,
Post,Puffins in the East.,beensaying_123,2024-06-24 17:51:53,"What‚Äôs the likelihood of seeing puffins without going to Borgarfjor√∞ur Eystiri.

Is it worth traveling there? 

We‚Äôre are going the second week in September 
",0,3.0
Comment,,The_Bogwoppit,2024-06-24 18:04:36,Too late for puffins.,8,
Post,Some of my puffin photos from east iceland ,CzechiaViolins,2024-06-23 19:00:07,Near egilsstadir got there around 730am ,273,17.0
Comment,,rubyinthemiddle,2024-06-23 20:30:06,I didn't think I could love puffins any more! Gorgeous pics!,2,
Post,Puffins from my recent visit to Latrabjarg cliffs.,Proper-Peanut-3065,2024-06-21 03:43:32,,80,4.0
Post,Obligatory puffin pics,WayneWong11,2024-06-21 00:52:08,"L√°trabjarg cliffs, June 20th 2024, around 9pm

Olympus EM1ii + 12-100mm f/4",212,12.0
Comment,,cold-november-rain,2024-06-21 14:12:49,"Eek! Thanks for the rumor! The Grimsey website boasts puffins as an attraction. 

There was a post just recently that said they were at the same spot you were and saw literally thousands(!!!) of them. I can't stop thinking about that! So amazing.",2,
Post,Lost puffin hat at Dettifoss (which has reopened!),TalcaParisLondres,2024-06-20 15:22:52,"Good news, the road to the parking lot on the west side of Dettifoss is open! We were able to easily park and take the trail down to the viewpoints. Some spots are still covered in snow but totally passable. It was an amazing experience, and I‚Äôm so glad that we went!

Bad news, my sweet mom thinks she dropped her wool puffin hat somewhere between the observation deck and the parking lot. Any chance one of you fellow travelers found it?

Safe travels, my friends! We are already planning a return trip!",0,0.0
Post,Best bet for Puffins?,Subject_Personality9,2024-06-20 13:46:27,My wife and I will be traveling to Iceland arriving Aug 29 and departing Sep 3. Trying to organize a trip around most desired things and seeing puffins is at the top of her list (she's a veterinarian and bird lover).  Can anyone 1) help me set our expectations to how much we'd be able to see them on those dates 2) suggest the best place/way‚Äã to see them (both in terms of probability and proximity)? ,12,16.0
Comment,,Adamantium-Aardvark,2024-06-20 17:51:12,"We just went to Borgarfjar√∞arh√∂fn yesterday and saw THOUSANDS of them very up close. They‚Äôre all nesting on this rock, and there‚Äôs a staircase and observation platform going up the rock. You can get within a couple feet of them. They are not afraid or shy. It was amazing. It‚Äôs a 1 hour drive from Egilssta√∞ir in the Eastern part of the country. It‚Äôs free to go. There‚Äôs no tours or even any parking fee. Just show up and observe thousands of puffins for as long as you want.

Bring a warm hat and warm gloves it was quite cold.

https://preview.redd.it/xlwbyrunlr7d1.jpeg?width=4032&format=pjpg&auto=webp&s=f0112dd6d5b9b8e9fa616d96eb494974ef1dc278",15,
Comment,,stevenarwhals,2024-06-20 17:51:56,"Borgarfjordur Eystri (aka Bakkagerdi) is the best place to reliably see lots of the but but be aware it's all the way out at the end of the Eastfjords. You would have to dedicate your whole trip to doing the south coast and back to see them there with the number of days you have. That's a fine way to do a trip, especially if puffins are your top priority, but just wanted to make sure you're aware. It's not like it's a day trip or even really a 2-day trip from Reykjavik or anything. The next best spot is probably Latrabjarg in the Westfjords, which is similarly remote. Easier but less reliable places to see them include Dyrholaey and Vestmannaeyjar. There are also boat tours from Reykjavik that go out to some of the little skerries where the puffins hang out. By the end of August, however, it's really up to luck how many are still around in any given place. Some years they hang out longer than others; all depends on the weather, local food supply, etc.",3,
Comment,,NoLemon5426,2024-06-20 13:51:54,"There will still be puffins in Heimaey. Depending on how the season goes, it might be possible for you to help catch baby puffins (pufflings), babysit them overnight, and then launch them off of cliffs in the morning. Does this sound fun?

Again, timing on this varies but this is about the time of year where puffin rescue begins. 

[Some more info.](https://visitwestmanislands.com/baby-puffins-westman-islands)

(note: Do not use the link in the article to book a ferry ticket. [Book it here.](https://herjolfur.is/) )",5,
Comment,,BionicGreek,2024-06-20 18:37:04,"The places everyone are mentioning are certainly prime spots for puffins. HOWEVER most puffins reliably leave the mainland late August. You can try Westman Islands as it will likely be puffling season. It‚Äôs a crazy tradition where children round up all the puffling that are lost, confided by the lights. This usually is a nightly occurrence late August in to September.",1,
Comment,,MattTalksPhotography,2024-06-21 11:31:26,"I hope you see them but I feel you‚Äôre setting yourself up for disappointment with the time of year, and if you go into it not expecting to see them you‚Äôll be better off. For a puffins priority 1 trip it is too late. You will probably at least see some whooper swans which don‚Äôt have quite the same charisma but that is more their time of year.",1,
Comment,,bagheera457,2024-06-20 23:46:19,"Oh nooo, I'll be getting there on the 12th and my wife would LOVE some puffins, will make it a priority then to go asap. Thanks for the tip :)",1,
Comment,,letmebebrave430,2024-06-21 00:02:14,"Ooo I hope you can see them! They were honestly the highlight of my trip. You might also check some other puffin-spotting areas and do some research to see if they stay longer. I'm totally guessing here (no fact behind this) but they're quite social birds so maybe the colonies tend to fly off to sea around the same time? And maybe it's possible some colonies around the country fly off later than others?

Good luck though! Borgarfj√∂r√∞ur Eystri is a great place to see them though...if they're there

https://preview.redd.it/ao0vmp1sft7d1.jpeg?width=6000&format=pjpg&auto=webp&s=05f744b83992ccf322021ce0913d60350506ace3",1,
Post,Chances of seeing a lot of puffins during late July to early August?,caterpillar_cat,2024-06-19 18:56:37,Title,1,5.0
Post,Puffin souvenir ,mlhom,2024-06-18 22:22:32,"I want to buy a plush puffin for my 2 year old grandson. Preferably one made in Iceland. Any suggestions??
What other souvenir would be good for a 2 year old? I'm thinking a handmade wool hat. ",3,13.0
Post,Puffins at Latrabjarg Cliffs,malecden,2024-06-13 15:45:05,,59,3.0
Post,Puffins near Vik?,TiffanyThePlant,2024-06-12 18:13:00,We‚Äôre here right now and hoping to see some. Has anyone spotted them recently in the area?,1,4.0
Post,Puffin Timing Borgarfjardur Eystri,Brief_Humor7920,2024-06-10 19:27:59,"Hi all,

We're planning to see the puffins at Borgarfjardur Eystri, while staying at Egilstadir.

As we see it's a one hour drive, we aim to start the journey at 9am and reach there by 10:15.

Would that be a good time to catch sight of puffins? Or would we need to go earlier? 

Thanks for the help!",4,5.0
Comment,,Suspicious-Way3351,2024-06-10 23:10:16,"I wouldn't stress it too much. We were there saturday around 12 and there were puffins everywhere! Its a nice drive as well.

https://preview.redd.it/adh624ggtt5d1.jpeg?width=3000&format=pjpg&auto=webp&s=eb8f2e1895e8158f3cabb6fcd1cb8aa909757fa8",1,
Comment,,Alternative_Bus836,2024-06-11 00:42:44,"https://preview.redd.it/kt0nq61y9u5d1.jpeg?width=3024&format=pjpg&auto=webp&s=844c0aadfa501a395fc319d5b6bed4ee02971217

We were there at 2 today and there was many puffins!",1,
Post,Puffins in Tjornes?,AbyssalScribe,2024-06-08 09:48:13,"Edit: I visited the location called Hringsbjarg on Google Maps, it's a cliff outlook in eastern Tjornes. There seems to be a dozen or two puffins in that area. It's easy to see them flying to the ocean and back to the cliffs. Seeing them nesting is a challenge. I walked up the trail going north and was able to spot two on the rocks. Obviously don't do a anything unsafe, it is an unprotected area (no fence, risk of slipping, edge collapse, wind gusts).

TLDR - Has anyone been to Tjornes very recently, and if so, is there a large puffin population active there now?

Hello! I'm currently in Akureyri, Iceland. My trip has been disrupted pretty badly by the snow and bad weather that has blown in. I'm doing my best to be adaptable and flexible and make the most of it. :)

The plan today was to go to Husavik for whale watching and then up to Tjornes where there's a puffin colony, however roads are bad, so I'm making a change and going to Dalvik instead. 

The weather and roads look like they might be better on Sunday, but I don't want to go all the way out to Tjornes if there isn't a view worth seeing. I'd like to see a lot of puffins, as in hundreds not a dozen.

For anyone looking, my friend visited last year and said Bakkagerdi in eastern Iceland was great for puffins, but I couldn't get there due to weather. :(",2,4.0
Post,Puffin Sighting - Reynisfjara Black Sand Beach,biancaGL,2024-06-07 22:11:50,"Visited Reynisfjara Black Sand Beach at 9pm on Friday and the puffins were out and about! Been in Iceland for a week and it‚Äôs the first I‚Äôve seen of them. Unfortunately, I only have grainy iPhone photos to prove it but what a sight to see!",35,1.0
Post,Bad luck with puffins,CritiqueDeLaCritique,2024-06-06 22:15:37,"While we have seen them flying, trying clandestinely to return to their burrows, it has been too windy both at Vestmannaeyjar and at Dyrholaey the past two days to see them chilling and walking around being cute. Does anyone have any advice for finding a solid spot for puffin watching or is the wind just screwing us no matter where we go? Apple weather app says there will be less wind at Dyrholaey tomorrow, and I see that the yellow wind warning expires tonight, but do these facts actually mean anything for our chances of seeing puffins? We are staying in Hvalfj√∂r√∞ur and are here for two more days.

Update: success at Dyrholaey today! It really was the wind that was the problem",4,8.0
Comment,,saltgirl61,2024-06-06 22:57:42,"The best area we found by far was Borgarfj√∂r√∞ur Eystri. You can walk on a board walk right among the puffins, which are close enough to touch, but don't! 

""Located in East Iceland around 70 km from the town of Egilssta√∞ir, Borgarfj√∂r√∞ur Eystri is around an hour and a half drive off Route 1, the ring road around Iceland."" 
 https://www.heyiceland.is/blog/nanar/5237/best-places-to-see-puffins-in-iceland

EDIT--Of course, check road conditions!",11,
Comment,,wreckjavik,2024-06-06 23:02:52,"If you want something more convenient to the city, I definitely recommend a whale watching or puffin watching boat tour to [this island](https://maps.app.goo.gl/4wQLNw8Kk8yaLBGJA?g_st=ic) just off the coast of Reykjavik. You can typically see them on the island or in the sea no problem.

Whale watching trips sail past them but Special Tours does a specific tour to see them",4,
Comment,,Slight_Respect_23,2024-06-07 02:50:53,Agreed! We made the drive and it was totally worth it. Amazing experience and lots of puffins within a foot or two of the boardwalk.,3,
Comment,,YaBoiSlimThicc,2024-06-07 11:12:34,I second the boat tours! Do the R.I.B. (rubber) boat that gets up close. You can get so close to the puffins and it‚Äôs truly amazing!,1,
Post,Any puffins in Latrabjarg today?,Proper-Peanut-3065,2024-06-05 17:23:15,Driving to Latrabjarj and will be there tonight(June 6 2024) and tomorrow morning. Whats the best time to look for them today? ,6,12.0
Comment,,stevenarwhals,2024-06-06 01:52:06,"Not sure about them being there now or not, but generally I‚Äôve had the best luck seeing puffins in the evening, around golden hour. That‚Äôs when they tend to be back from sea and around their burrows but not in for the night yet.",2,
Comment,,nordwulf,2024-06-05 23:25:18,"Was there 10 days ago. Zero puffins, just lots of seagulls. And you can't get close anyways.",0,
Comment,,stevenarwhals,2024-06-06 11:44:40,Awesome! Now you have to pay the puffin tax ;),1,
Post,"Back from my 3rd time in Iceland. As wonderful as ever, and came back with my fianc√© (some puffins got to witness it!) Also, eruption photos/videos. ",JD32397,2024-06-04 22:35:12,,29,3.0
Post,Hafnarh√≥lmi to Begin Charging for Access Next Summer (the puffin colony at Borgarfj√∂r√∞ur eystri),NoLemon5426,2024-05-21 19:03:13,,6,3.0
Comment,,SJP-NYC,2024-05-22 19:34:16,I would pay the fee just to keep the webcam live - I am addicted to puffin tv.,2,
Post,Best puffin tour?,Stunning-Iron-7284,2024-05-21 01:45:18,"I am coming to Iceland for 48h with my two teenaged kids on our way to Europe. It's their first time, my 2nd time to Iceland (my 100th time to Europe). We are staying at a guesthouse near KEF and we are not renting a car. We arrive at 630a, hopefully find a place to store our bags, then head to the sky lagoon. After that, no major plans. My youngest (and I!) really wants to see the puffins üêß, so that is the plan for day 2. What's the best tour near the airport/Reykjavik that isn't overly lavish? This is the first part of a 2mo trip, so I can't go spending a*ll *of our funds. ",2,3.0
Comment,,HappyBreak7,2024-05-21 03:26:26,"When are you travelling?

- Puffin season is NOW 

- Iceland is in Europe

- The closest you‚Äôll get to the airport is a 2h drive to go on a boat ride or a 3h drive.",1,
